{"type":"FeatureCollection","features":[{"type":"Feature","properties":{"name":"Almirante Brown","zone":"GBA2"},"geometry":{"coordinates":[[[-58.31,-34.793],[-58.333,-34.806],[-58.327,-34.814],[-58.323,-34.819],[-58.303,-34.842],[-58.296,-34.85],[-58.292,-34.855],[-58.317,-34.868],[-58.312,-34.875],[-58.342,-34.891],[-58.346,-34.885],[-58.365,-34.894],[-58.396,-34.91],[-58.405,-34.897],[-58.41,-34.891],[-58.413,-34.887],[-58.416,-34.883],[-58.409,-34.879],[-58.413,-34.873],[-58.419,-34.866],[-58.419,-34.865],[-58.423,-34.86],[-58.43,-34.85],[-58.44,-34.836],[-58.444,-34.832],[-58.448,-34.826],[-58.447,-34.826],[-58.431,-34.817],[-58.405,-34.805],[-58.408,-34.801],[-58.41,-34.799],[-58.377,-34.781],[-58.368,-34.775],[-58.359,-34.771],[-58.362,-34.767],[-58.346,-34.76],[-58.337,-34.754],[-58.336,-34.755],[-58.335,-34.757],[-58.333,-34.759],[-58.327,-34.768],[-58.323,-34.773],[-58.322,-34.775],[-58.322,-34.776],[-58.321,-34.777],[-58.32,-34.778],[-58.317,-34.783],[-58.31,-34.793]]],"type":"Polygon"}},{"type":"Feature","properties":{"name":"La Plata","zone":"GBA3"},"geometry":{"type":"MultiPolygon","coordinates":[[[[-58,-34.873],[-57.991,-34.88],[-57.99,-34.88],[-57.989,-34.88],[-57.988,-34.88],[-57.987,-34.88],[-57.986,-34.88],[-57.985,-34.88],[-57.984,-34.881],[-57.974,-34.872],[-57.96,-34.882],[-57.957,-34.885],[-57.932,-34.904],[-57.917,-34.915],[-57.905,-34.923],[-57.905,-34.924],[-57.904,-34.924],[-57.903,-34.925],[-57.896,-34.93],[-57.891,-34.932],[-57.885,-34.933],[-57.884,-34.933],[-57.872,-34.938],[-57.862,-34.938],[-57.842,-34.949],[-57.841,-34.949],[-57.804,-34.964],[-57.803,-34.964],[-57.785,-34.963],[-57.78,-34.961],[-57.778,-34.96],[-57.771,-34.957],[-57.753,-34.971],[-57.78,-34.996],[-57.827,-35.038],[-57.877,-35.082],[-57.97,-35.16],[-57.985,-35.173],[-58.019,-35.202],[-58.035,-35.217],[-58.054,-35.236],[-58.077,-35.219],[-58.044,-35.19],[-58.043,-35.189],[-58.019,-35.168],[-58.031,-35.154],[-58.038,-35.149],[-58.052,-35.138],[-58.07,-35.125],[-58.101,-35.101],[-58.11,-35.108],[-58.178,-35.056],[-58.12,-35.004],[-58.162,-34.972],[-58.247,-35.048],[-58.264,-35.035],[-58.289,-35.017],[-58.277,-35.009],[-58.269,-35.001],[-58.264,-34.998],[-58.247,-34.987],[-58.248,-34.984],[-58.211,-34.952],[-58.204,-34.945],[-58.208,-34.942],[-58.147,-34.888],[-58.148,-34.887],[-58.144,-34.884],[-58.09,-34.84],[-58.084,-34.835],[-58.08,-34.837],[-58.022,-34.862],[-57.999,-34.872],[-58,-34.873]]]]}},{"type":"Feature","properties":{"name":"Presidente Perón","zone":"GBA2"},"geometry":{"coordinates":[[[-58.312,-34.875],[-58.298,-34.895],[-58.282,-34.907],[-58.276,-34.916],[-58.277,-34.916],[-58.281,-34.916],[-58.285,-34.916],[-58.295,-34.915],[-58.317,-34.926],[-58.317,-34.925],[-58.336,-34.934],[-58.376,-34.955],[-58.378,-34.956],[-58.377,-34.952],[-58.378,-34.951],[-58.395,-34.959],[-58.39,-34.966],[-58.399,-34.97],[-58.402,-34.974],[-58.408,-34.978],[-58.412,-34.973],[-58.422,-34.982],[-58.43,-34.978],[-58.449,-34.994],[-58.468,-35.011],[-58.469,-35.01],[-58.47,-34.999],[-58.47,-34.997],[-58.469,-34.995],[-58.468,-34.987],[-58.468,-34.986],[-58.468,-34.969],[-58.467,-34.968],[-58.463,-34.954],[-58.463,-34.952],[-58.463,-34.951],[-58.464,-34.95],[-58.465,-34.949],[-58.465,-34.948],[-58.475,-34.941],[-58.492,-34.928],[-58.464,-34.908],[-58.463,-34.909],[-58.452,-34.903],[-58.454,-34.902],[-58.427,-34.888],[-58.422,-34.886],[-58.413,-34.873],[-58.409,-34.879],[-58.416,-34.883],[-58.413,-34.887],[-58.41,-34.891],[-58.405,-34.897],[-58.396,-34.91],[-58.365,-34.894],[-58.346,-34.885],[-58.342,-34.891],[-58.312,-34.875]]],"type":"Polygon"}},{"type":"Feature","properties":{"name":"Escobar","zone":"GBA3"},"geometry":{"coordinates":[[[-58.711,-34.248],[-58.707,-34.249],[-58.704,-34.25],[-58.7,-34.251],[-58.696,-34.253],[-58.691,-34.254],[-58.686,-34.256],[-58.681,-34.257],[-58.677,-34.258],[-58.673,-34.259],[-58.67,-34.26],[-58.666,-34.261],[-58.662,-34.262],[-58.658,-34.263],[-58.655,-34.264],[-58.651,-34.265],[-58.648,-34.266],[-58.649,-34.267],[-58.651,-34.268],[-58.651,-34.269],[-58.652,-34.27],[-58.653,-34.27],[-58.653,-34.271],[-58.654,-34.272],[-58.655,-34.273],[-58.655,-34.274],[-58.655,-34.275],[-58.656,-34.277],[-58.656,-34.278],[-58.657,-34.279],[-58.657,-34.28],[-58.657,-34.282],[-58.658,-34.283],[-58.658,-34.284],[-58.659,-34.285],[-58.659,-34.287],[-58.66,-34.288],[-58.661,-34.29],[-58.661,-34.291],[-58.661,-34.293],[-58.662,-34.295],[-58.663,-34.297],[-58.664,-34.299],[-58.665,-34.301],[-58.666,-34.305],[-58.667,-34.307],[-58.667,-34.309],[-58.669,-34.312],[-58.669,-34.314],[-58.67,-34.317],[-58.671,-34.319],[-58.672,-34.322],[-58.673,-34.325],[-58.673,-34.326],[-58.674,-34.328],[-58.674,-34.329],[-58.675,-34.331],[-58.675,-34.333],[-58.676,-34.337],[-58.678,-34.34],[-58.678,-34.341],[-58.678,-34.342],[-58.679,-34.343],[-58.679,-34.344],[-58.679,-34.345],[-58.68,-34.345],[-58.68,-34.346],[-58.681,-34.347],[-58.682,-34.349],[-58.684,-34.35],[-58.685,-34.351],[-58.686,-34.351],[-58.687,-34.351],[-58.687,-34.35],[-58.688,-34.349],[-58.689,-34.348],[-58.69,-34.347],[-58.713,-34.359],[-58.719,-34.362],[-58.72,-34.362],[-58.72,-34.363],[-58.721,-34.365],[-58.705,-34.373],[-58.714,-34.388],[-58.715,-34.388],[-58.715,-34.389],[-58.716,-34.389],[-58.716,-34.39],[-58.717,-34.39],[-58.718,-34.39],[-58.719,-34.39],[-58.718,-34.391],[-58.716,-34.392],[-58.715,-34.392],[-58.734,-34.402],[-58.706,-34.439],[-58.715,-34.444],[-58.725,-34.45],[-58.732,-34.454],[-58.737,-34.456],[-58.745,-34.446],[-58.757,-34.431],[-58.773,-34.411],[-58.778,-34.404],[-58.783,-34.402],[-58.784,-34.402],[-58.784,-34.401],[-58.789,-34.399],[-58.789,-34.4],[-58.788,-34.4],[-58.789,-34.4],[-58.789,-34.401],[-58.79,-34.401],[-58.791,-34.401],[-58.791,-34.402],[-58.792,-34.403],[-58.792,-34.404],[-58.792,-34.405],[-58.793,-34.405],[-58.793,-34.406],[-58.793,-34.407],[-58.794,-34.407],[-58.795,-34.407],[-58.795,-34.408],[-58.796,-34.408],[-58.796,-34.409],[-58.797,-34.409],[-58.797,-34.41],[-58.798,-34.41],[-58.799,-34.411],[-58.8,-34.41],[-58.8,-34.411],[-58.801,-34.411],[-58.802,-34.411],[-58.803,-34.411],[-58.803,-34.412],[-58.804,-34.412],[-58.805,-34.412],[-58.806,-34.412],[-58.807,-34.413],[-58.808,-34.413],[-58.808,-34.414],[-58.809,-34.414],[-58.81,-34.414],[-58.811,-34.414],[-58.812,-34.414],[-58.813,-34.414],[-58.814,-34.414],[-58.815,-34.415],[-58.816,-34.415],[-58.817,-34.415],[-58.836,-34.391],[-58.837,-34.389],[-58.84,-34.386],[-58.843,-34.388],[-58.854,-34.373],[-58.879,-34.34],[-58.901,-34.311],[-58.901,-34.31],[-58.9,-34.31],[-58.9,-34.309],[-58.901,-34.309],[-58.9,-34.308],[-58.899,-34.308],[-58.898,-34.308],[-58.899,-34.308],[-58.899,-34.307],[-58.898,-34.307],[-58.897,-34.307],[-58.896,-34.307],[-58.895,-34.307],[-58.894,-34.307],[-58.894,-34.306],[-58.893,-34.306],[-58.892,-34.306],[-58.892,-34.305],[-58.893,-34.305],[-58.894,-34.305],[-58.894,-34.304],[-58.893,-34.304],[-58.892,-34.304],[-58.891,-34.303],[-58.891,-34.304],[-58.89,-34.304],[-58.89,-34.305],[-58.889,-34.305],[-58.889,-34.304],[-58.889,-34.303],[-58.888,-34.303],[-58.888,-34.302],[-58.889,-34.302],[-58.89,-34.302],[-58.89,-34.301],[-58.889,-34.301],[-58.889,-34.3],[-58.888,-34.3],[-58.887,-34.3],[-58.887,-34.301],[-58.886,-34.301],[-58.885,-34.301],[-58.885,-34.3],[-58.885,-34.299],[-58.884,-34.299],[-58.884,-34.298],[-58.883,-34.298],[-58.883,-34.299],[-58.882,-34.299],[-58.882,-34.298],[-58.881,-34.298],[-58.881,-34.297],[-58.881,-34.296],[-58.882,-34.296],[-58.882,-34.295],[-58.881,-34.294],[-58.881,-34.293],[-58.88,-34.292],[-58.879,-34.292],[-58.878,-34.292],[-58.878,-34.291],[-58.879,-34.291],[-58.88,-34.291],[-58.881,-34.291],[-58.882,-34.291],[-58.882,-34.29],[-58.883,-34.29],[-58.883,-34.289],[-58.882,-34.288],[-58.883,-34.288],[-58.883,-34.287],[-58.883,-34.286],[-58.882,-34.286],[-58.881,-34.286],[-58.881,-34.287],[-58.881,-34.288],[-58.881,-34.289],[-58.88,-34.289],[-58.879,-34.288],[-58.879,-34.287],[-58.88,-34.287],[-58.88,-34.286],[-58.879,-34.285],[-58.878,-34.285],[-58.877,-34.285],[-58.877,-34.284],[-58.878,-34.284],[-58.879,-34.284],[-58.88,-34.284],[-58.881,-34.284],[-58.881,-34.283],[-58.88,-34.282],[-58.88,-34.281],[-58.879,-34.281],[-58.879,-34.28],[-58.878,-34.28],[-58.878,-34.281],[-58.877,-34.28],[-58.877,-34.279],[-58.878,-34.279],[-58.878,-34.278],[-58.879,-34.278],[-58.879,-34.277],[-58.878,-34.277],[-58.877,-34.278],[-58.877,-34.277],[-58.876,-34.277],[-58.877,-34.277],[-58.877,-34.276],[-58.878,-34.275],[-58.877,-34.274],[-58.877,-34.275],[-58.876,-34.275],[-58.875,-34.276],[-58.875,-34.275],[-58.876,-34.274],[-58.876,-34.273],[-58.875,-34.273],[-58.875,-34.274],[-58.874,-34.274],[-58.873,-34.274],[-58.872,-34.274],[-58.872,-34.273],[-58.871,-34.273],[-58.87,-34.273],[-58.87,-34.274],[-58.869,-34.274],[-58.869,-34.275],[-58.868,-34.275],[-58.868,-34.276],[-58.867,-34.276],[-58.867,-34.277],[-58.866,-34.277],[-58.865,-34.277],[-58.865,-34.278],[-58.864,-34.277],[-58.863,-34.277],[-58.863,-34.276],[-58.863,-34.275],[-58.863,-34.274],[-58.862,-34.274],[-58.861,-34.274],[-58.86,-34.274],[-58.86,-34.273],[-58.861,-34.272],[-58.862,-34.272],[-58.862,-34.271],[-58.863,-34.271],[-58.863,-34.27],[-58.863,-34.269],[-58.863,-34.268],[-58.864,-34.267],[-58.865,-34.267],[-58.864,-34.266],[-58.863,-34.265],[-58.863,-34.264],[-58.862,-34.264],[-58.861,-34.264],[-58.86,-34.264],[-58.859,-34.263],[-58.858,-34.262],[-58.857,-34.262],[-58.856,-34.262],[-58.855,-34.263],[-58.854,-34.263],[-58.853,-34.263],[-58.852,-34.264],[-58.851,-34.264],[-58.85,-34.264],[-58.85,-34.265],[-58.849,-34.266],[-58.849,-34.267],[-58.848,-34.267],[-58.847,-34.268],[-58.846,-34.269],[-58.845,-34.269],[-58.845,-34.27],[-58.844,-34.27],[-58.844,-34.269],[-58.843,-34.269],[-58.843,-34.27],[-58.842,-34.27],[-58.842,-34.269],[-58.841,-34.269],[-58.841,-34.268],[-58.84,-34.268],[-58.84,-34.269],[-58.839,-34.269],[-58.839,-34.27],[-58.838,-34.27],[-58.838,-34.271],[-58.837,-34.271],[-58.836,-34.271],[-58.836,-34.272],[-58.835,-34.272],[-58.834,-34.272],[-58.833,-34.273],[-58.832,-34.274],[-58.831,-34.274],[-58.83,-34.275],[-58.829,-34.275],[-58.828,-34.275],[-58.827,-34.275],[-58.827,-34.274],[-58.826,-34.274],[-58.825,-34.274],[-58.824,-34.274],[-58.824,-34.273],[-58.823,-34.273],[-58.823,-34.272],[-58.822,-34.273],[-58.823,-34.273],[-58.823,-34.274],[-58.822,-34.274],[-58.821,-34.274],[-58.821,-34.275],[-58.82,-34.275],[-58.819,-34.275],[-58.819,-34.276],[-58.818,-34.276],[-58.817,-34.276],[-58.817,-34.277],[-58.816,-34.277],[-58.815,-34.277],[-58.815,-34.278],[-58.814,-34.278],[-58.813,-34.278],[-58.812,-34.279],[-58.811,-34.279],[-58.811,-34.28],[-58.81,-34.281],[-58.809,-34.281],[-58.808,-34.282],[-58.807,-34.281],[-58.806,-34.281],[-58.805,-34.281],[-58.804,-34.281],[-58.803,-34.281],[-58.803,-34.28],[-58.802,-34.28],[-58.802,-34.279],[-58.801,-34.279],[-58.8,-34.279],[-58.8,-34.278],[-58.8,-34.277],[-58.799,-34.277],[-58.798,-34.277],[-58.797,-34.277],[-58.797,-34.278],[-58.796,-34.278],[-58.795,-34.279],[-58.794,-34.28],[-58.793,-34.28],[-58.793,-34.281],[-58.792,-34.281],[-58.792,-34.282],[-58.791,-34.282],[-58.79,-34.283],[-58.789,-34.283],[-58.788,-34.283],[-58.787,-34.283],[-58.786,-34.283],[-58.786,-34.284],[-58.784,-34.285],[-58.783,-34.285],[-58.782,-34.285],[-58.782,-34.286],[-58.781,-34.286],[-58.78,-34.286],[-58.779,-34.286],[-58.778,-34.286],[-58.777,-34.286],[-58.776,-34.285],[-58.775,-34.284],[-58.775,-34.283],[-58.775,-34.282],[-58.775,-34.281],[-58.775,-34.28],[-58.775,-34.279],[-58.775,-34.278],[-58.776,-34.277],[-58.776,-34.275],[-58.776,-34.274],[-58.777,-34.274],[-58.777,-34.273],[-58.778,-34.273],[-58.778,-34.272],[-58.779,-34.272],[-58.78,-34.272],[-58.781,-34.271],[-58.781,-34.27],[-58.781,-34.269],[-58.782,-34.268],[-58.782,-34.267],[-58.783,-34.266],[-58.784,-34.266],[-58.784,-34.265],[-58.785,-34.264],[-58.785,-34.263],[-58.785,-34.262],[-58.786,-34.262],[-58.786,-34.261],[-58.786,-34.26],[-58.787,-34.26],[-58.787,-34.259],[-58.787,-34.258],[-58.787,-34.257],[-58.788,-34.256],[-58.788,-34.255],[-58.789,-34.255],[-58.789,-34.254],[-58.79,-34.254],[-58.791,-34.254],[-58.792,-34.253],[-58.793,-34.253],[-58.793,-34.252],[-58.794,-34.251],[-58.794,-34.25],[-58.794,-34.249],[-58.794,-34.248],[-58.795,-34.248],[-58.795,-34.247],[-58.796,-34.246],[-58.797,-34.245],[-58.797,-34.244],[-58.798,-34.244],[-58.799,-34.243],[-58.8,-34.242],[-58.8,-34.241],[-58.801,-34.24],[-58.802,-34.239],[-58.802,-34.238],[-58.803,-34.238],[-58.803,-34.237],[-58.803,-34.236],[-58.802,-34.236],[-58.802,-34.235],[-58.801,-34.235],[-58.8,-34.234],[-58.8,-34.233],[-58.799,-34.233],[-58.799,-34.232],[-58.799,-34.231],[-58.798,-34.231],[-58.797,-34.231],[-58.796,-34.231],[-58.796,-34.23],[-58.794,-34.229],[-58.793,-34.23],[-58.791,-34.231],[-58.788,-34.232],[-58.786,-34.233],[-58.784,-34.233],[-58.781,-34.234],[-58.779,-34.235],[-58.777,-34.236],[-58.775,-34.236],[-58.773,-34.237],[-58.771,-34.237],[-58.769,-34.237],[-58.767,-34.238],[-58.765,-34.238],[-58.764,-34.238],[-58.763,-34.239],[-58.761,-34.239],[-58.759,-34.239],[-58.758,-34.24],[-58.757,-34.24],[-58.756,-34.24],[-58.754,-34.241],[-58.753,-34.241],[-58.751,-34.241],[-58.751,-34.242],[-58.747,-34.242],[-58.742,-34.243],[-58.737,-34.244],[-58.733,-34.245],[-58.728,-34.245],[-58.724,-34.246],[-58.719,-34.247],[-58.715,-34.248],[-58.712,-34.248],[-58.711,-34.248]]],"type":"Polygon"}},{"type":"Feature","properties":{"name":"San Miguel","zone":"GBA2"},"geometry":{"coordinates":[[[-58.606,-34.534],[-58.607,-34.535],[-58.608,-34.535],[-58.609,-34.536],[-58.609,-34.537],[-58.61,-34.538],[-58.61,-34.539],[-58.611,-34.54],[-58.611,-34.541],[-58.612,-34.542],[-58.613,-34.543],[-58.614,-34.544],[-58.615,-34.544],[-58.615,-34.545],[-58.616,-34.545],[-58.617,-34.546],[-58.618,-34.547],[-58.619,-34.547],[-58.62,-34.547],[-58.62,-34.546],[-58.621,-34.546],[-58.622,-34.546],[-58.623,-34.547],[-58.623,-34.546],[-58.624,-34.546],[-58.625,-34.546],[-58.625,-34.547],[-58.626,-34.547],[-58.627,-34.547],[-58.628,-34.548],[-58.629,-34.549],[-58.63,-34.549],[-58.631,-34.55],[-58.631,-34.551],[-58.631,-34.552],[-58.632,-34.552],[-58.632,-34.553],[-58.633,-34.553],[-58.633,-34.554],[-58.634,-34.554],[-58.635,-34.554],[-58.636,-34.554],[-58.637,-34.555],[-58.638,-34.555],[-58.639,-34.556],[-58.64,-34.556],[-58.64,-34.557],[-58.64,-34.558],[-58.641,-34.559],[-58.642,-34.559],[-58.643,-34.559],[-58.644,-34.56],[-58.644,-34.561],[-58.645,-34.562],[-58.646,-34.563],[-58.647,-34.563],[-58.647,-34.564],[-58.648,-34.564],[-58.65,-34.564],[-58.651,-34.565],[-58.652,-34.565],[-58.653,-34.565],[-58.654,-34.565],[-58.655,-34.566],[-58.657,-34.566],[-58.658,-34.566],[-58.659,-34.568],[-58.661,-34.568],[-58.661,-34.569],[-58.662,-34.569],[-58.664,-34.57],[-58.664,-34.571],[-58.665,-34.572],[-58.666,-34.573],[-58.668,-34.574],[-58.669,-34.573],[-58.67,-34.573],[-58.671,-34.573],[-58.671,-34.574],[-58.672,-34.575],[-58.673,-34.575],[-58.673,-34.576],[-58.674,-34.576],[-58.674,-34.577],[-58.675,-34.578],[-58.676,-34.578],[-58.677,-34.579],[-58.678,-34.579],[-58.678,-34.58],[-58.679,-34.58],[-58.679,-34.581],[-58.68,-34.581],[-58.681,-34.581],[-58.682,-34.582],[-58.682,-34.583],[-58.683,-34.584],[-58.684,-34.584],[-58.684,-34.585],[-58.684,-34.586],[-58.684,-34.587],[-58.684,-34.588],[-58.685,-34.589],[-58.686,-34.589],[-58.687,-34.589],[-58.688,-34.589],[-58.689,-34.589],[-58.69,-34.589],[-58.69,-34.59],[-58.69,-34.591],[-58.691,-34.591],[-58.692,-34.591],[-58.693,-34.591],[-58.694,-34.592],[-58.693,-34.593],[-58.694,-34.593],[-58.694,-34.594],[-58.695,-34.594],[-58.696,-34.595],[-58.696,-34.596],[-58.697,-34.596],[-58.698,-34.596],[-58.699,-34.596],[-58.699,-34.597],[-58.7,-34.597],[-58.701,-34.597],[-58.702,-34.597],[-58.703,-34.598],[-58.703,-34.599],[-58.704,-34.599],[-58.705,-34.599],[-58.706,-34.599],[-58.706,-34.6],[-58.707,-34.6],[-58.708,-34.601],[-58.709,-34.601],[-58.71,-34.601],[-58.71,-34.602],[-58.71,-34.603],[-58.711,-34.603],[-58.712,-34.604],[-58.712,-34.605],[-58.713,-34.605],[-58.713,-34.606],[-58.735,-34.589],[-58.76,-34.571],[-58.762,-34.569],[-58.777,-34.558],[-58.776,-34.557],[-58.768,-34.55],[-58.766,-34.551],[-58.761,-34.547],[-58.756,-34.551],[-58.754,-34.548],[-58.753,-34.549],[-58.733,-34.531],[-58.729,-34.526],[-58.724,-34.521],[-58.723,-34.519],[-58.721,-34.518],[-58.72,-34.519],[-58.701,-34.533],[-58.694,-34.526],[-58.693,-34.526],[-58.689,-34.53],[-58.688,-34.53],[-58.685,-34.528],[-58.671,-34.518],[-58.648,-34.502],[-58.646,-34.502],[-58.606,-34.534]]],"type":"Polygon"}},{"type":"Feature","properties":{"name":"Pilar","zone":"GBA3"},"geometry":{"coordinates":[[[-58.901,-34.311],[-58.879,-34.34],[-58.854,-34.373],[-58.843,-34.388],[-58.84,-34.386],[-58.837,-34.389],[-58.836,-34.391],[-58.817,-34.415],[-58.816,-34.415],[-58.815,-34.415],[-58.814,-34.414],[-58.813,-34.414],[-58.812,-34.414],[-58.811,-34.414],[-58.81,-34.414],[-58.809,-34.414],[-58.808,-34.414],[-58.808,-34.413],[-58.807,-34.413],[-58.806,-34.412],[-58.805,-34.412],[-58.804,-34.412],[-58.803,-34.412],[-58.803,-34.411],[-58.802,-34.411],[-58.801,-34.411],[-58.8,-34.411],[-58.8,-34.41],[-58.799,-34.411],[-58.798,-34.41],[-58.797,-34.41],[-58.797,-34.409],[-58.796,-34.409],[-58.796,-34.408],[-58.795,-34.408],[-58.795,-34.407],[-58.794,-34.407],[-58.793,-34.407],[-58.793,-34.406],[-58.793,-34.405],[-58.792,-34.405],[-58.792,-34.404],[-58.792,-34.403],[-58.791,-34.402],[-58.791,-34.401],[-58.79,-34.401],[-58.789,-34.401],[-58.789,-34.4],[-58.788,-34.4],[-58.789,-34.4],[-58.789,-34.399],[-58.784,-34.401],[-58.784,-34.402],[-58.783,-34.402],[-58.778,-34.404],[-58.773,-34.411],[-58.757,-34.431],[-58.745,-34.446],[-58.737,-34.456],[-58.745,-34.46],[-58.744,-34.464],[-58.745,-34.464],[-58.752,-34.468],[-58.752,-34.467],[-58.756,-34.462],[-58.764,-34.467],[-58.765,-34.467],[-58.77,-34.465],[-58.769,-34.466],[-58.771,-34.468],[-58.775,-34.47],[-58.779,-34.472],[-58.778,-34.473],[-58.785,-34.476],[-58.792,-34.473],[-58.803,-34.465],[-58.804,-34.465],[-58.805,-34.464],[-58.809,-34.461],[-58.815,-34.456],[-58.817,-34.456],[-58.821,-34.452],[-58.822,-34.452],[-58.822,-34.453],[-58.822,-34.454],[-58.822,-34.455],[-58.821,-34.455],[-58.821,-34.456],[-58.82,-34.457],[-58.819,-34.457],[-58.819,-34.458],[-58.818,-34.459],[-58.817,-34.459],[-58.817,-34.46],[-58.816,-34.46],[-58.816,-34.461],[-58.816,-34.462],[-58.815,-34.462],[-58.815,-34.463],[-58.814,-34.463],[-58.814,-34.464],[-58.814,-34.465],[-58.814,-34.466],[-58.814,-34.467],[-58.814,-34.468],[-58.815,-34.468],[-58.815,-34.469],[-58.815,-34.47],[-58.815,-34.471],[-58.814,-34.471],[-58.814,-34.472],[-58.814,-34.473],[-58.814,-34.474],[-58.813,-34.474],[-58.813,-34.475],[-58.813,-34.476],[-58.813,-34.477],[-58.812,-34.477],[-58.812,-34.478],[-58.812,-34.479],[-58.812,-34.48],[-58.812,-34.481],[-58.812,-34.482],[-58.812,-34.483],[-58.812,-34.484],[-58.812,-34.485],[-58.811,-34.485],[-58.811,-34.486],[-58.812,-34.486],[-58.812,-34.487],[-58.812,-34.488],[-58.813,-34.488],[-58.813,-34.489],[-58.813,-34.49],[-58.814,-34.491],[-58.814,-34.492],[-58.814,-34.493],[-58.815,-34.493],[-58.816,-34.493],[-58.816,-34.494],[-58.817,-34.494],[-58.817,-34.495],[-58.818,-34.495],[-58.819,-34.496],[-58.82,-34.496],[-58.82,-34.497],[-58.819,-34.497],[-58.819,-34.498],[-58.819,-34.499],[-58.819,-34.5],[-58.819,-34.501],[-58.819,-34.502],[-58.82,-34.502],[-58.82,-34.503],[-58.82,-34.504],[-58.821,-34.504],[-58.821,-34.505],[-58.822,-34.505],[-58.822,-34.506],[-58.823,-34.507],[-58.823,-34.508],[-58.824,-34.508],[-58.824,-34.509],[-58.825,-34.509],[-58.825,-34.51],[-58.825,-34.511],[-58.825,-34.512],[-58.825,-34.513],[-58.826,-34.513],[-58.826,-34.514],[-58.827,-34.515],[-58.827,-34.516],[-58.828,-34.516],[-58.828,-34.517],[-58.829,-34.518],[-58.829,-34.519],[-58.829,-34.52],[-58.83,-34.52],[-58.83,-34.521],[-58.83,-34.522],[-58.831,-34.522],[-58.831,-34.523],[-58.832,-34.523],[-58.832,-34.524],[-58.832,-34.525],[-58.833,-34.525],[-58.833,-34.526],[-58.834,-34.527],[-58.834,-34.528],[-58.835,-34.528],[-58.836,-34.529],[-58.836,-34.53],[-58.837,-34.53],[-58.837,-34.531],[-58.838,-34.532],[-58.839,-34.532],[-58.839,-34.533],[-58.84,-34.533],[-58.84,-34.534],[-58.84,-34.535],[-58.84,-34.536],[-58.84,-34.537],[-58.841,-34.538],[-58.841,-34.539],[-58.842,-34.54],[-58.842,-34.541],[-58.843,-34.542],[-58.843,-34.543],[-58.844,-34.544],[-58.844,-34.545],[-58.845,-34.545],[-58.846,-34.546],[-58.847,-34.547],[-58.847,-34.548],[-58.848,-34.549],[-58.848,-34.55],[-58.849,-34.55],[-58.852,-34.553],[-58.856,-34.558],[-58.864,-34.564],[-58.872,-34.57],[-58.885,-34.577],[-58.908,-34.545],[-58.929,-34.516],[-58.962,-34.534],[-58.972,-34.521],[-58.989,-34.499],[-59.001,-34.484],[-59.002,-34.484],[-59.003,-34.484],[-59.004,-34.484],[-59.004,-34.485],[-59.005,-34.485],[-59.005,-34.486],[-59.005,-34.487],[-59.006,-34.487],[-59.007,-34.487],[-59.008,-34.487],[-59.009,-34.488],[-59.01,-34.488],[-59.011,-34.488],[-59.03,-34.463],[-59.056,-34.428],[-59.056,-34.427],[-59.057,-34.427],[-59.05,-34.425],[-59.043,-34.421],[-59.044,-34.419],[-59.04,-34.417],[-59.042,-34.414],[-59.035,-34.411],[-59.037,-34.408],[-59.025,-34.402],[-59.029,-34.397],[-58.999,-34.382],[-58.993,-34.379],[-58.994,-34.377],[-58.99,-34.375],[-58.992,-34.374],[-58.984,-34.369],[-58.993,-34.358],[-58.98,-34.351],[-58.924,-34.417],[-58.923,-34.417],[-58.923,-34.416],[-58.924,-34.416],[-58.923,-34.416],[-58.922,-34.416],[-58.922,-34.415],[-58.921,-34.415],[-58.92,-34.415],[-58.919,-34.415],[-58.919,-34.414],[-58.919,-34.413],[-58.92,-34.413],[-58.92,-34.412],[-58.92,-34.411],[-58.919,-34.411],[-58.919,-34.41],[-58.919,-34.409],[-58.92,-34.409],[-58.92,-34.408],[-58.921,-34.408],[-58.922,-34.408],[-58.922,-34.407],[-58.921,-34.407],[-58.922,-34.406],[-58.922,-34.405],[-58.921,-34.405],[-58.921,-34.404],[-58.92,-34.404],[-58.92,-34.403],[-58.921,-34.403],[-58.922,-34.402],[-58.922,-34.401],[-58.922,-34.4],[-58.922,-34.399],[-58.923,-34.399],[-58.922,-34.399],[-58.922,-34.398],[-58.923,-34.398],[-58.923,-34.397],[-58.922,-34.397],[-58.922,-34.396],[-58.922,-34.395],[-58.922,-34.394],[-58.923,-34.394],[-58.924,-34.394],[-58.924,-34.393],[-58.923,-34.393],[-58.922,-34.393],[-58.921,-34.392],[-58.921,-34.391],[-58.922,-34.391],[-58.923,-34.391],[-58.922,-34.39],[-58.922,-34.389],[-58.922,-34.388],[-58.922,-34.387],[-58.923,-34.387],[-58.923,-34.386],[-58.922,-34.386],[-58.921,-34.386],[-58.92,-34.386],[-58.92,-34.385],[-58.921,-34.385],[-58.921,-34.384],[-58.922,-34.384],[-58.922,-34.383],[-58.921,-34.383],[-58.92,-34.382],[-58.919,-34.382],[-58.919,-34.383],[-58.918,-34.383],[-58.918,-34.382],[-58.919,-34.382],[-58.92,-34.381],[-58.92,-34.38],[-58.919,-34.38],[-58.919,-34.381],[-58.918,-34.381],[-58.917,-34.381],[-58.917,-34.38],[-58.918,-34.38],[-58.919,-34.379],[-58.919,-34.378],[-58.919,-34.377],[-58.918,-34.377],[-58.919,-34.376],[-58.918,-34.375],[-58.919,-34.375],[-58.919,-34.374],[-58.919,-34.373],[-58.918,-34.373],[-58.918,-34.372],[-58.919,-34.372],[-58.92,-34.372],[-58.921,-34.372],[-58.921,-34.371],[-58.92,-34.371],[-58.919,-34.371],[-58.918,-34.371],[-58.918,-34.37],[-58.917,-34.37],[-58.917,-34.369],[-58.917,-34.368],[-58.918,-34.368],[-58.918,-34.367],[-58.917,-34.367],[-58.916,-34.366],[-58.915,-34.366],[-58.914,-34.366],[-58.914,-34.367],[-58.913,-34.367],[-58.913,-34.366],[-58.912,-34.366],[-58.911,-34.365],[-58.912,-34.365],[-58.912,-34.364],[-58.912,-34.363],[-58.911,-34.363],[-58.91,-34.363],[-58.91,-34.364],[-58.909,-34.363],[-58.908,-34.362],[-58.909,-34.361],[-58.909,-34.36],[-58.908,-34.36],[-58.908,-34.359],[-58.909,-34.359],[-58.91,-34.359],[-58.911,-34.359],[-58.911,-34.358],[-58.912,-34.358],[-58.913,-34.358],[-58.913,-34.357],[-58.914,-34.357],[-58.915,-34.357],[-58.916,-34.357],[-58.916,-34.356],[-58.915,-34.356],[-58.915,-34.355],[-58.915,-34.354],[-58.916,-34.354],[-58.916,-34.353],[-58.917,-34.353],[-58.918,-34.353],[-58.918,-34.352],[-58.918,-34.351],[-58.917,-34.351],[-58.917,-34.35],[-58.916,-34.35],[-58.915,-34.35],[-58.915,-34.349],[-58.915,-34.348],[-58.916,-34.348],[-58.916,-34.347],[-58.916,-34.346],[-58.915,-34.346],[-58.914,-34.346],[-58.914,-34.345],[-58.914,-34.344],[-58.915,-34.344],[-58.916,-34.344],[-58.917,-34.344],[-58.917,-34.343],[-58.917,-34.342],[-58.917,-34.341],[-58.917,-34.34],[-58.918,-34.34],[-58.918,-34.339],[-58.917,-34.339],[-58.916,-34.339],[-58.916,-34.338],[-58.915,-34.337],[-58.914,-34.336],[-58.915,-34.335],[-58.916,-34.335],[-58.917,-34.335],[-58.918,-34.335],[-58.918,-34.334],[-58.918,-34.333],[-58.917,-34.333],[-58.916,-34.333],[-58.916,-34.332],[-58.916,-34.331],[-58.916,-34.33],[-58.917,-34.33],[-58.917,-34.329],[-58.917,-34.328],[-58.917,-34.327],[-58.917,-34.326],[-58.917,-34.325],[-58.916,-34.325],[-58.915,-34.325],[-58.914,-34.326],[-58.913,-34.326],[-58.912,-34.326],[-58.912,-34.325],[-58.913,-34.325],[-58.913,-34.324],[-58.914,-34.324],[-58.914,-34.323],[-58.914,-34.322],[-58.915,-34.321],[-58.915,-34.32],[-58.914,-34.32],[-58.913,-34.32],[-58.913,-34.321],[-58.912,-34.321],[-58.911,-34.32],[-58.91,-34.32],[-58.909,-34.32],[-58.909,-34.319],[-58.909,-34.318],[-58.91,-34.318],[-58.911,-34.317],[-58.91,-34.317],[-58.91,-34.316],[-58.909,-34.316],[-58.908,-34.316],[-58.908,-34.315],[-58.908,-34.314],[-58.908,-34.313],[-58.908,-34.312],[-58.907,-34.312],[-58.907,-34.313],[-58.906,-34.313],[-58.905,-34.312],[-58.905,-34.311],[-58.904,-34.311],[-58.903,-34.311],[-58.902,-34.311],[-58.903,-34.31],[-58.903,-34.309],[-58.904,-34.309],[-58.903,-34.309],[-58.902,-34.309],[-58.902,-34.31],[-58.901,-34.31],[-58.901,-34.311]]],"type":"Polygon"}},{"type":"Feature","properties":{"name":"Luján","zone":"GBA3"},"geometry":{"coordinates":[[[-59.197,-34.374],[-59.196,-34.374],[-59.132,-34.423],[-59.13,-34.421],[-59.097,-34.464],[-59.08,-34.456],[-59.081,-34.454],[-59.077,-34.451],[-59.076,-34.45],[-59.08,-34.444],[-59.075,-34.442],[-59.077,-34.439],[-59.074,-34.438],[-59.076,-34.436],[-59.073,-34.434],[-59.072,-34.436],[-59.056,-34.428],[-59.03,-34.463],[-59.011,-34.488],[-59.01,-34.488],[-59.009,-34.488],[-59.008,-34.487],[-59.007,-34.487],[-59.006,-34.487],[-59.005,-34.487],[-59.005,-34.486],[-59.005,-34.485],[-59.004,-34.485],[-59.004,-34.484],[-59.003,-34.484],[-59.002,-34.484],[-59.001,-34.484],[-58.989,-34.499],[-58.972,-34.521],[-58.962,-34.534],[-58.954,-34.544],[-58.96,-34.547],[-58.96,-34.546],[-58.987,-34.56],[-58.984,-34.565],[-58.993,-34.569],[-58.986,-34.577],[-58.994,-34.581],[-59.001,-34.584],[-59.001,-34.583],[-59.015,-34.59],[-59.016,-34.588],[-59.025,-34.593],[-59.027,-34.589],[-59.032,-34.593],[-59.036,-34.587],[-59.071,-34.604],[-59.056,-34.617],[-59.09,-34.634],[-59.091,-34.632],[-59.105,-34.639],[-59.115,-34.644],[-59.113,-34.647],[-59.136,-34.659],[-59.131,-34.666],[-59.132,-34.666],[-59.091,-34.719],[-59.092,-34.72],[-59.092,-34.721],[-59.093,-34.721],[-59.093,-34.722],[-59.094,-34.722],[-59.094,-34.723],[-59.095,-34.724],[-59.096,-34.724],[-59.096,-34.725],[-59.097,-34.726],[-59.097,-34.727],[-59.098,-34.727],[-59.098,-34.728],[-59.099,-34.729],[-59.1,-34.73],[-59.1,-34.731],[-59.101,-34.731],[-59.101,-34.732],[-59.101,-34.733],[-59.102,-34.733],[-59.102,-34.734],[-59.103,-34.734],[-59.103,-34.735],[-59.104,-34.735],[-59.104,-34.736],[-59.104,-34.737],[-59.105,-34.737],[-59.105,-34.738],[-59.106,-34.738],[-59.106,-34.739],[-59.107,-34.739],[-59.107,-34.74],[-59.108,-34.74],[-59.108,-34.741],[-59.109,-34.741],[-59.109,-34.742],[-59.11,-34.742],[-59.11,-34.743],[-59.111,-34.743],[-59.111,-34.744],[-59.112,-34.744],[-59.112,-34.745],[-59.113,-34.745],[-59.113,-34.746],[-59.114,-34.746],[-59.114,-34.747],[-59.115,-34.748],[-59.116,-34.749],[-59.116,-34.75],[-59.117,-34.75],[-59.118,-34.751],[-59.119,-34.752],[-59.119,-34.753],[-59.12,-34.753],[-59.12,-34.754],[-59.121,-34.754],[-59.121,-34.755],[-59.122,-34.755],[-59.123,-34.756],[-59.124,-34.756],[-59.124,-34.757],[-59.125,-34.757],[-59.125,-34.758],[-59.126,-34.758],[-59.127,-34.759],[-59.128,-34.759],[-59.128,-34.76],[-59.129,-34.76],[-59.13,-34.761],[-59.131,-34.761],[-59.131,-34.762],[-59.132,-34.762],[-59.132,-34.763],[-59.132,-34.764],[-59.133,-34.764],[-59.133,-34.765],[-59.134,-34.765],[-59.134,-34.766],[-59.135,-34.766],[-59.135,-34.767],[-59.136,-34.767],[-59.136,-34.768],[-59.137,-34.768],[-59.137,-34.769],[-59.138,-34.77],[-59.138,-34.771],[-59.139,-34.771],[-59.139,-34.772],[-59.14,-34.772],[-59.14,-34.773],[-59.14,-34.774],[-59.141,-34.774],[-59.141,-34.775],[-59.141,-34.776],[-59.142,-34.776],[-59.142,-34.777],[-59.142,-34.778],[-59.143,-34.778],[-59.143,-34.779],[-59.143,-34.78],[-59.144,-34.78],[-59.145,-34.781],[-59.145,-34.782],[-59.145,-34.783],[-59.146,-34.783],[-59.146,-34.784],[-59.147,-34.784],[-59.147,-34.785],[-59.148,-34.785],[-59.148,-34.786],[-59.149,-34.786],[-59.149,-34.787],[-59.15,-34.788],[-59.151,-34.789],[-59.152,-34.79],[-59.153,-34.791],[-59.153,-34.792],[-59.154,-34.793],[-59.155,-34.794],[-59.155,-34.795],[-59.156,-34.795],[-59.156,-34.796],[-59.157,-34.796],[-59.158,-34.796],[-59.158,-34.797],[-59.159,-34.798],[-59.162,-34.801],[-59.166,-34.804],[-59.17,-34.799],[-59.193,-34.769],[-59.217,-34.738],[-59.243,-34.702],[-59.249,-34.695],[-59.257,-34.685],[-59.242,-34.677],[-59.262,-34.651],[-59.282,-34.625],[-59.281,-34.625],[-59.28,-34.625],[-59.28,-34.624],[-59.279,-34.624],[-59.278,-34.624],[-59.278,-34.623],[-59.277,-34.623],[-59.277,-34.622],[-59.276,-34.622],[-59.275,-34.622],[-59.274,-34.622],[-59.273,-34.622],[-59.272,-34.621],[-59.271,-34.621],[-59.27,-34.621],[-59.27,-34.62],[-59.269,-34.62],[-59.268,-34.62],[-59.267,-34.62],[-59.266,-34.62],[-59.266,-34.619],[-59.265,-34.62],[-59.264,-34.62],[-59.264,-34.619],[-59.28,-34.597],[-59.305,-34.564],[-59.319,-34.541],[-59.338,-34.508],[-59.334,-34.506],[-59.296,-34.486],[-59.249,-34.461],[-59.248,-34.462],[-59.218,-34.447],[-59.239,-34.417],[-59.24,-34.417],[-59.239,-34.416],[-59.239,-34.415],[-59.239,-34.414],[-59.238,-34.414],[-59.238,-34.413],[-59.238,-34.414],[-59.237,-34.414],[-59.237,-34.413],[-59.236,-34.413],[-59.236,-34.412],[-59.235,-34.412],[-59.235,-34.411],[-59.234,-34.411],[-59.233,-34.41],[-59.232,-34.409],[-59.231,-34.409],[-59.231,-34.408],[-59.23,-34.408],[-59.229,-34.408],[-59.229,-34.407],[-59.228,-34.407],[-59.228,-34.406],[-59.227,-34.406],[-59.226,-34.406],[-59.225,-34.406],[-59.225,-34.405],[-59.224,-34.404],[-59.223,-34.404],[-59.223,-34.403],[-59.222,-34.403],[-59.222,-34.402],[-59.223,-34.402],[-59.224,-34.402],[-59.224,-34.401],[-59.223,-34.401],[-59.223,-34.4],[-59.222,-34.4],[-59.221,-34.4],[-59.22,-34.4],[-59.219,-34.4],[-59.219,-34.399],[-59.218,-34.399],[-59.218,-34.398],[-59.217,-34.398],[-59.216,-34.398],[-59.216,-34.397],[-59.215,-34.397],[-59.214,-34.396],[-59.213,-34.396],[-59.213,-34.395],[-59.212,-34.395],[-59.212,-34.394],[-59.211,-34.394],[-59.211,-34.393],[-59.21,-34.393],[-59.21,-34.392],[-59.21,-34.391],[-59.21,-34.39],[-59.209,-34.39],[-59.208,-34.39],[-59.207,-34.39],[-59.207,-34.391],[-59.206,-34.39],[-59.206,-34.389],[-59.205,-34.388],[-59.205,-34.387],[-59.205,-34.386],[-59.205,-34.385],[-59.204,-34.385],[-59.204,-34.384],[-59.204,-34.383],[-59.203,-34.383],[-59.203,-34.382],[-59.202,-34.382],[-59.202,-34.381],[-59.201,-34.381],[-59.201,-34.38],[-59.201,-34.379],[-59.2,-34.378],[-59.2,-34.377],[-59.199,-34.377],[-59.199,-34.376],[-59.199,-34.375],[-59.198,-34.375],[-59.197,-34.375],[-59.198,-34.374],[-59.197,-34.373],[-59.197,-34.374]]],"type":"Polygon"}},{"type":"Feature","properties":{"name":"Hurlingham","zone":"GBA1"},"geometry":{"coordinates":[[[-58.616,-34.588],[-58.617,-34.588],[-58.617,-34.589],[-58.617,-34.59],[-58.617,-34.591],[-58.617,-34.592],[-58.617,-34.593],[-58.617,-34.594],[-58.618,-34.595],[-58.618,-34.596],[-58.619,-34.597],[-58.619,-34.598],[-58.62,-34.598],[-58.62,-34.599],[-58.62,-34.6],[-58.621,-34.6],[-58.621,-34.601],[-58.621,-34.602],[-58.622,-34.602],[-58.622,-34.603],[-58.621,-34.603],[-58.621,-34.604],[-58.621,-34.605],[-58.62,-34.605],[-58.62,-34.606],[-58.62,-34.607],[-58.62,-34.608],[-58.62,-34.609],[-58.621,-34.609],[-58.621,-34.61],[-58.622,-34.61],[-58.622,-34.611],[-58.622,-34.612],[-58.621,-34.612],[-58.621,-34.613],[-58.62,-34.614],[-58.62,-34.615],[-58.621,-34.615],[-58.62,-34.616],[-58.62,-34.617],[-58.619,-34.618],[-58.619,-34.619],[-58.618,-34.619],[-58.618,-34.62],[-58.618,-34.621],[-58.618,-34.622],[-58.619,-34.623],[-58.619,-34.624],[-58.619,-34.625],[-58.619,-34.626],[-58.62,-34.626],[-58.62,-34.627],[-58.62,-34.628],[-58.62,-34.629],[-58.619,-34.629],[-58.619,-34.63],[-58.619,-34.631],[-58.619,-34.632],[-58.62,-34.632],[-58.62,-34.631],[-58.621,-34.632],[-58.622,-34.633],[-58.623,-34.633],[-58.625,-34.633],[-58.629,-34.633],[-58.632,-34.633],[-58.637,-34.632],[-58.646,-34.631],[-58.647,-34.631],[-58.648,-34.631],[-58.649,-34.631],[-58.65,-34.631],[-58.652,-34.631],[-58.654,-34.632],[-58.654,-34.631],[-58.654,-34.63],[-58.684,-34.605],[-58.682,-34.603],[-58.694,-34.594],[-58.694,-34.593],[-58.693,-34.593],[-58.694,-34.592],[-58.693,-34.591],[-58.692,-34.591],[-58.691,-34.591],[-58.69,-34.591],[-58.69,-34.59],[-58.69,-34.589],[-58.689,-34.589],[-58.688,-34.589],[-58.687,-34.589],[-58.686,-34.589],[-58.685,-34.589],[-58.684,-34.588],[-58.684,-34.587],[-58.684,-34.586],[-58.684,-34.585],[-58.684,-34.584],[-58.683,-34.584],[-58.682,-34.583],[-58.682,-34.582],[-58.681,-34.581],[-58.68,-34.581],[-58.679,-34.581],[-58.679,-34.58],[-58.678,-34.58],[-58.678,-34.579],[-58.677,-34.579],[-58.676,-34.578],[-58.675,-34.578],[-58.674,-34.577],[-58.674,-34.576],[-58.673,-34.576],[-58.673,-34.575],[-58.672,-34.575],[-58.671,-34.574],[-58.671,-34.573],[-58.67,-34.573],[-58.669,-34.573],[-58.668,-34.574],[-58.666,-34.573],[-58.665,-34.572],[-58.664,-34.571],[-58.664,-34.57],[-58.662,-34.569],[-58.661,-34.569],[-58.661,-34.568],[-58.659,-34.568],[-58.658,-34.566],[-58.657,-34.566],[-58.655,-34.566],[-58.654,-34.565],[-58.653,-34.565],[-58.652,-34.565],[-58.651,-34.565],[-58.65,-34.564],[-58.648,-34.564],[-58.647,-34.564],[-58.647,-34.563],[-58.646,-34.563],[-58.639,-34.569],[-58.616,-34.588]]],"type":"Polygon"}},{"type":"Feature","properties":{"name":"Morón","zone":"GBA1"},"geometry":{"coordinates":[[[-58.556,-34.635],[-58.562,-34.636],[-58.562,-34.637],[-58.564,-34.638],[-58.566,-34.638],[-58.568,-34.638],[-58.571,-34.638],[-58.57,-34.642],[-58.582,-34.643],[-58.581,-34.649],[-58.583,-34.651],[-58.593,-34.66],[-58.597,-34.663],[-58.6,-34.666],[-58.608,-34.673],[-58.623,-34.687],[-58.64,-34.702],[-58.64,-34.701],[-58.641,-34.704],[-58.656,-34.695],[-58.657,-34.694],[-58.658,-34.694],[-58.667,-34.686],[-58.665,-34.675],[-58.656,-34.639],[-58.655,-34.636],[-58.654,-34.634],[-58.654,-34.633],[-58.654,-34.632],[-58.652,-34.631],[-58.65,-34.631],[-58.649,-34.631],[-58.648,-34.631],[-58.647,-34.631],[-58.646,-34.631],[-58.637,-34.632],[-58.632,-34.633],[-58.629,-34.633],[-58.625,-34.633],[-58.623,-34.633],[-58.622,-34.633],[-58.621,-34.632],[-58.62,-34.631],[-58.62,-34.632],[-58.619,-34.632],[-58.619,-34.631],[-58.619,-34.63],[-58.619,-34.629],[-58.62,-34.629],[-58.62,-34.628],[-58.62,-34.627],[-58.62,-34.626],[-58.619,-34.626],[-58.619,-34.625],[-58.619,-34.624],[-58.619,-34.623],[-58.618,-34.622],[-58.618,-34.621],[-58.618,-34.62],[-58.618,-34.619],[-58.619,-34.619],[-58.619,-34.618],[-58.62,-34.617],[-58.62,-34.616],[-58.621,-34.615],[-58.62,-34.615],[-58.62,-34.614],[-58.621,-34.613],[-58.621,-34.612],[-58.622,-34.612],[-58.622,-34.611],[-58.622,-34.61],[-58.621,-34.61],[-58.621,-34.609],[-58.62,-34.609],[-58.62,-34.608],[-58.62,-34.607],[-58.62,-34.606],[-58.62,-34.605],[-58.621,-34.605],[-58.621,-34.604],[-58.621,-34.603],[-58.622,-34.603],[-58.622,-34.602],[-58.621,-34.602],[-58.621,-34.601],[-58.621,-34.6],[-58.62,-34.6],[-58.62,-34.599],[-58.62,-34.598],[-58.619,-34.598],[-58.619,-34.597],[-58.618,-34.596],[-58.618,-34.595],[-58.617,-34.594],[-58.617,-34.593],[-58.617,-34.592],[-58.617,-34.591],[-58.617,-34.59],[-58.617,-34.589],[-58.617,-34.588],[-58.616,-34.588],[-58.593,-34.608],[-58.589,-34.606],[-58.572,-34.629],[-58.567,-34.626],[-58.562,-34.63],[-58.559,-34.633],[-58.556,-34.635]]],"type":"Polygon"}},{"type":"Feature","properties":{"name":"Malvinas Argentinas","zone":"GBA2"},"geometry":{"coordinates":[[[-58.715,-34.444],[-58.706,-34.439],[-58.678,-34.475],[-58.646,-34.502],[-58.648,-34.502],[-58.671,-34.518],[-58.685,-34.528],[-58.688,-34.53],[-58.689,-34.53],[-58.693,-34.526],[-58.694,-34.526],[-58.701,-34.533],[-58.72,-34.519],[-58.721,-34.518],[-58.724,-34.516],[-58.726,-34.513],[-58.729,-34.508],[-58.735,-34.506],[-58.743,-34.503],[-58.748,-34.501],[-58.761,-34.495],[-58.766,-34.492],[-58.771,-34.489],[-58.773,-34.487],[-58.777,-34.482],[-58.783,-34.477],[-58.784,-34.477],[-58.785,-34.476],[-58.778,-34.473],[-58.779,-34.472],[-58.775,-34.47],[-58.771,-34.468],[-58.769,-34.466],[-58.77,-34.465],[-58.765,-34.467],[-58.764,-34.467],[-58.756,-34.462],[-58.752,-34.467],[-58.752,-34.468],[-58.745,-34.464],[-58.744,-34.464],[-58.745,-34.46],[-58.737,-34.456],[-58.732,-34.454],[-58.725,-34.45],[-58.715,-34.444]]],"type":"Polygon"}},{"type":"Feature","properties":{"name":"José C. Paz","zone":"GBA2"},"geometry":{"coordinates":[[[-58.822,-34.452],[-58.821,-34.452],[-58.817,-34.456],[-58.815,-34.456],[-58.809,-34.461],[-58.805,-34.464],[-58.804,-34.465],[-58.803,-34.465],[-58.792,-34.473],[-58.785,-34.476],[-58.784,-34.477],[-58.783,-34.477],[-58.777,-34.482],[-58.773,-34.487],[-58.771,-34.489],[-58.766,-34.492],[-58.761,-34.495],[-58.748,-34.501],[-58.743,-34.503],[-58.735,-34.506],[-58.729,-34.508],[-58.726,-34.513],[-58.724,-34.516],[-58.721,-34.518],[-58.723,-34.519],[-58.724,-34.521],[-58.729,-34.526],[-58.733,-34.531],[-58.753,-34.549],[-58.754,-34.548],[-58.756,-34.551],[-58.761,-34.547],[-58.766,-34.551],[-58.768,-34.55],[-58.776,-34.557],[-58.78,-34.553],[-58.795,-34.538],[-58.822,-34.509],[-58.824,-34.508],[-58.823,-34.508],[-58.823,-34.507],[-58.822,-34.506],[-58.822,-34.505],[-58.821,-34.505],[-58.821,-34.504],[-58.82,-34.504],[-58.82,-34.503],[-58.82,-34.502],[-58.819,-34.502],[-58.819,-34.501],[-58.819,-34.5],[-58.819,-34.499],[-58.819,-34.498],[-58.819,-34.497],[-58.82,-34.497],[-58.82,-34.496],[-58.819,-34.496],[-58.818,-34.495],[-58.817,-34.495],[-58.817,-34.494],[-58.816,-34.494],[-58.816,-34.493],[-58.815,-34.493],[-58.814,-34.493],[-58.814,-34.492],[-58.814,-34.491],[-58.813,-34.49],[-58.813,-34.489],[-58.813,-34.488],[-58.812,-34.488],[-58.812,-34.487],[-58.812,-34.486],[-58.811,-34.486],[-58.811,-34.485],[-58.812,-34.485],[-58.812,-34.484],[-58.812,-34.483],[-58.812,-34.482],[-58.812,-34.481],[-58.812,-34.48],[-58.812,-34.479],[-58.812,-34.478],[-58.812,-34.477],[-58.813,-34.477],[-58.813,-34.476],[-58.813,-34.475],[-58.813,-34.474],[-58.814,-34.474],[-58.814,-34.473],[-58.814,-34.472],[-58.814,-34.471],[-58.815,-34.471],[-58.815,-34.47],[-58.815,-34.469],[-58.815,-34.468],[-58.814,-34.468],[-58.814,-34.467],[-58.814,-34.466],[-58.814,-34.465],[-58.814,-34.464],[-58.814,-34.463],[-58.815,-34.463],[-58.815,-34.462],[-58.816,-34.462],[-58.816,-34.461],[-58.816,-34.46],[-58.817,-34.46],[-58.817,-34.459],[-58.818,-34.459],[-58.819,-34.458],[-58.819,-34.457],[-58.82,-34.457],[-58.821,-34.456],[-58.821,-34.455],[-58.822,-34.455],[-58.822,-34.454],[-58.822,-34.453],[-58.822,-34.452]]],"type":"Polygon"}},{"type":"Feature","properties":{"name":"San Martín","zone":"GBA1"},"geometry":{"coordinates":[[[-58.51,-34.569],[-58.514,-34.579],[-58.515,-34.581],[-58.523,-34.597],[-58.527,-34.596],[-58.529,-34.596],[-58.535,-34.595],[-58.562,-34.591],[-58.563,-34.591],[-58.564,-34.59],[-58.591,-34.569],[-58.605,-34.557],[-58.618,-34.547],[-58.617,-34.546],[-58.616,-34.545],[-58.615,-34.545],[-58.615,-34.544],[-58.614,-34.544],[-58.613,-34.543],[-58.612,-34.542],[-58.611,-34.541],[-58.611,-34.54],[-58.61,-34.539],[-58.61,-34.538],[-58.609,-34.537],[-58.609,-34.536],[-58.608,-34.535],[-58.607,-34.535],[-58.606,-34.534],[-58.605,-34.533],[-58.605,-34.532],[-58.605,-34.53],[-58.605,-34.529],[-58.605,-34.528],[-58.605,-34.527],[-58.605,-34.526],[-58.604,-34.526],[-58.604,-34.525],[-58.604,-34.524],[-58.603,-34.523],[-58.602,-34.522],[-58.601,-34.521],[-58.601,-34.52],[-58.602,-34.519],[-58.602,-34.518],[-58.602,-34.517],[-58.602,-34.516],[-58.602,-34.515],[-58.603,-34.514],[-58.603,-34.513],[-58.603,-34.512],[-58.603,-34.511],[-58.602,-34.511],[-58.602,-34.51],[-58.603,-34.509],[-58.602,-34.509],[-58.602,-34.508],[-58.602,-34.507],[-58.602,-34.506],[-58.601,-34.506],[-58.601,-34.505],[-58.601,-34.504],[-58.601,-34.503],[-58.6,-34.502],[-58.6,-34.501],[-58.599,-34.5],[-58.599,-34.499],[-58.598,-34.499],[-58.599,-34.497],[-58.599,-34.496],[-58.599,-34.495],[-58.6,-34.494],[-58.601,-34.494],[-58.601,-34.493],[-58.601,-34.492],[-58.601,-34.491],[-58.6,-34.49],[-58.596,-34.494],[-58.589,-34.5],[-58.569,-34.517],[-58.564,-34.521],[-58.554,-34.53],[-58.549,-34.534],[-58.546,-34.537],[-58.538,-34.544],[-58.534,-34.54],[-58.53,-34.537],[-58.528,-34.542],[-58.529,-34.542],[-58.527,-34.545],[-58.525,-34.55],[-58.523,-34.553],[-58.519,-34.558],[-58.515,-34.564],[-58.514,-34.564],[-58.513,-34.566],[-58.511,-34.568],[-58.51,-34.569]]],"type":"Polygon"}},{"type":"Feature","properties":{"name":"Moreno","zone":"GBA2"},"geometry":{"coordinates":[[[-58.824,-34.508],[-58.822,-34.509],[-58.795,-34.538],[-58.78,-34.553],[-58.776,-34.557],[-58.777,-34.558],[-58.762,-34.569],[-58.76,-34.571],[-58.735,-34.589],[-58.713,-34.606],[-58.714,-34.606],[-58.715,-34.606],[-58.716,-34.607],[-58.717,-34.607],[-58.717,-34.608],[-58.718,-34.608],[-58.718,-34.609],[-58.717,-34.61],[-58.719,-34.61],[-58.719,-34.611],[-58.72,-34.612],[-58.72,-34.613],[-58.72,-34.614],[-58.72,-34.615],[-58.721,-34.615],[-58.721,-34.616],[-58.721,-34.617],[-58.722,-34.617],[-58.722,-34.618],[-58.723,-34.618],[-58.723,-34.619],[-58.724,-34.62],[-58.724,-34.621],[-58.724,-34.622],[-58.724,-34.623],[-58.724,-34.624],[-58.724,-34.625],[-58.724,-34.626],[-58.724,-34.627],[-58.724,-34.628],[-58.724,-34.629],[-58.725,-34.63],[-58.726,-34.631],[-58.727,-34.631],[-58.727,-34.633],[-58.727,-34.634],[-58.728,-34.634],[-58.729,-34.635],[-58.73,-34.635],[-58.73,-34.636],[-58.731,-34.637],[-58.732,-34.638],[-58.732,-34.639],[-58.732,-34.64],[-58.731,-34.641],[-58.732,-34.642],[-58.732,-34.643],[-58.733,-34.643],[-58.734,-34.643],[-58.734,-34.644],[-58.735,-34.644],[-58.736,-34.644],[-58.737,-34.645],[-58.738,-34.646],[-58.739,-34.646],[-58.74,-34.647],[-58.74,-34.648],[-58.741,-34.649],[-58.742,-34.649],[-58.743,-34.65],[-58.744,-34.65],[-58.745,-34.65],[-58.746,-34.651],[-58.746,-34.652],[-58.747,-34.652],[-58.747,-34.653],[-58.748,-34.653],[-58.749,-34.653],[-58.749,-34.654],[-58.75,-34.654],[-58.75,-34.655],[-58.751,-34.655],[-58.751,-34.656],[-58.752,-34.656],[-58.752,-34.657],[-58.753,-34.657],[-58.753,-34.658],[-58.754,-34.658],[-58.755,-34.658],[-58.755,-34.659],[-58.756,-34.659],[-58.756,-34.66],[-58.757,-34.66],[-58.758,-34.66],[-58.759,-34.66],[-58.76,-34.66],[-58.76,-34.661],[-58.761,-34.661],[-58.762,-34.661],[-58.763,-34.661],[-58.763,-34.662],[-58.764,-34.662],[-58.765,-34.662],[-58.765,-34.661],[-58.766,-34.661],[-58.766,-34.662],[-58.767,-34.662],[-58.768,-34.662],[-58.768,-34.663],[-58.768,-34.664],[-58.769,-34.664],[-58.769,-34.665],[-58.77,-34.665],[-58.771,-34.665],[-58.771,-34.664],[-58.772,-34.664],[-58.773,-34.664],[-58.773,-34.665],[-58.774,-34.665],[-58.775,-34.665],[-58.776,-34.665],[-58.777,-34.665],[-58.778,-34.666],[-58.779,-34.666],[-58.779,-34.665],[-58.78,-34.665],[-58.78,-34.666],[-58.781,-34.666],[-58.782,-34.666],[-58.782,-34.667],[-58.783,-34.667],[-58.783,-34.668],[-58.784,-34.668],[-58.785,-34.668],[-58.785,-34.669],[-58.786,-34.669],[-58.787,-34.669],[-58.787,-34.67],[-58.788,-34.67],[-58.789,-34.67],[-58.789,-34.671],[-58.79,-34.671],[-58.791,-34.671],[-58.792,-34.671],[-58.792,-34.672],[-58.793,-34.672],[-58.794,-34.673],[-58.795,-34.673],[-58.796,-34.673],[-58.796,-34.674],[-58.797,-34.674],[-58.798,-34.674],[-58.799,-34.674],[-58.799,-34.675],[-58.8,-34.675],[-58.801,-34.675],[-58.802,-34.675],[-58.803,-34.676],[-58.804,-34.676],[-58.805,-34.676],[-58.805,-34.677],[-58.806,-34.677],[-58.807,-34.677],[-58.808,-34.677],[-58.809,-34.677],[-58.81,-34.677],[-58.81,-34.678],[-58.81,-34.679],[-58.81,-34.68],[-58.81,-34.681],[-58.811,-34.681],[-58.811,-34.682],[-58.812,-34.682],[-58.813,-34.682],[-58.814,-34.682],[-58.815,-34.682],[-58.815,-34.683],[-58.816,-34.684],[-58.817,-34.684],[-58.817,-34.685],[-58.818,-34.685],[-58.818,-34.686],[-58.819,-34.686],[-58.821,-34.685],[-58.822,-34.684],[-58.823,-34.683],[-58.824,-34.683],[-58.825,-34.683],[-58.826,-34.683],[-58.826,-34.684],[-58.827,-34.684],[-58.828,-34.684],[-58.829,-34.685],[-58.83,-34.685],[-58.831,-34.685],[-58.833,-34.686],[-58.835,-34.686],[-58.836,-34.686],[-58.837,-34.686],[-58.838,-34.686],[-58.84,-34.686],[-58.842,-34.686],[-58.843,-34.685],[-58.844,-34.685],[-58.845,-34.685],[-58.846,-34.685],[-58.847,-34.685],[-58.848,-34.685],[-58.85,-34.685],[-58.851,-34.685],[-58.852,-34.685],[-58.853,-34.685],[-58.854,-34.685],[-58.855,-34.685],[-58.856,-34.685],[-58.858,-34.685],[-58.859,-34.685],[-58.86,-34.685],[-58.861,-34.685],[-58.862,-34.684],[-58.863,-34.684],[-58.863,-34.683],[-58.864,-34.683],[-58.865,-34.683],[-58.865,-34.682],[-58.866,-34.682],[-58.867,-34.682],[-58.868,-34.682],[-58.868,-34.681],[-58.869,-34.681],[-58.869,-34.68],[-58.87,-34.68],[-58.87,-34.679],[-58.871,-34.679],[-58.872,-34.679],[-58.873,-34.679],[-58.873,-34.678],[-58.874,-34.678],[-58.874,-34.677],[-58.875,-34.677],[-58.879,-34.673],[-58.88,-34.673],[-58.882,-34.672],[-58.883,-34.672],[-58.884,-34.671],[-58.884,-34.67],[-58.884,-34.669],[-58.885,-34.669],[-58.884,-34.668],[-58.884,-34.666],[-58.884,-34.665],[-58.884,-34.664],[-58.883,-34.664],[-58.883,-34.663],[-58.883,-34.662],[-58.883,-34.661],[-58.883,-34.66],[-58.882,-34.66],[-58.883,-34.659],[-58.883,-34.658],[-58.883,-34.657],[-58.883,-34.656],[-58.883,-34.655],[-58.883,-34.654],[-58.883,-34.653],[-58.882,-34.653],[-58.882,-34.652],[-58.882,-34.651],[-58.881,-34.65],[-58.881,-34.649],[-58.881,-34.648],[-58.881,-34.647],[-58.882,-34.647],[-58.881,-34.646],[-58.882,-34.646],[-58.882,-34.645],[-58.882,-34.644],[-58.883,-34.644],[-58.883,-34.643],[-58.883,-34.642],[-58.882,-34.642],[-58.882,-34.641],[-58.882,-34.64],[-58.882,-34.639],[-58.881,-34.632],[-58.882,-34.63],[-58.881,-34.629],[-58.882,-34.629],[-58.884,-34.628],[-58.884,-34.627],[-58.881,-34.626],[-58.881,-34.625],[-58.875,-34.623],[-58.864,-34.617],[-58.868,-34.611],[-58.869,-34.609],[-58.872,-34.604],[-58.885,-34.587],[-58.891,-34.58],[-58.885,-34.577],[-58.872,-34.57],[-58.864,-34.564],[-58.856,-34.558],[-58.852,-34.553],[-58.849,-34.55],[-58.848,-34.55],[-58.848,-34.549],[-58.847,-34.548],[-58.847,-34.547],[-58.846,-34.546],[-58.845,-34.545],[-58.844,-34.545],[-58.844,-34.544],[-58.843,-34.543],[-58.843,-34.542],[-58.842,-34.541],[-58.842,-34.54],[-58.841,-34.539],[-58.841,-34.538],[-58.84,-34.537],[-58.84,-34.536],[-58.84,-34.535],[-58.84,-34.534],[-58.84,-34.533],[-58.839,-34.533],[-58.839,-34.532],[-58.838,-34.532],[-58.837,-34.531],[-58.837,-34.53],[-58.836,-34.53],[-58.836,-34.529],[-58.835,-34.528],[-58.834,-34.528],[-58.834,-34.527],[-58.833,-34.526],[-58.833,-34.525],[-58.832,-34.525],[-58.832,-34.524],[-58.832,-34.523],[-58.831,-34.523],[-58.831,-34.522],[-58.83,-34.522],[-58.83,-34.521],[-58.83,-34.52],[-58.829,-34.52],[-58.829,-34.519],[-58.829,-34.518],[-58.828,-34.517],[-58.828,-34.516],[-58.827,-34.516],[-58.827,-34.515],[-58.826,-34.514],[-58.826,-34.513],[-58.825,-34.513],[-58.825,-34.512],[-58.825,-34.511],[-58.825,-34.51],[-58.825,-34.509],[-58.824,-34.509],[-58.824,-34.508]]],"type":"Polygon"}},{"type":"Feature","properties":{"name":"Ituzaingó","zone":"GBA1"},"geometry":{"coordinates":[[[-58.654,-34.632],[-58.654,-34.633],[-58.654,-34.634],[-58.655,-34.636],[-58.656,-34.639],[-58.665,-34.675],[-58.667,-34.686],[-58.721,-34.641],[-58.729,-34.635],[-58.728,-34.634],[-58.727,-34.634],[-58.727,-34.633],[-58.727,-34.631],[-58.726,-34.631],[-58.725,-34.63],[-58.724,-34.629],[-58.724,-34.628],[-58.724,-34.627],[-58.724,-34.626],[-58.724,-34.625],[-58.724,-34.624],[-58.724,-34.623],[-58.724,-34.622],[-58.724,-34.621],[-58.724,-34.62],[-58.723,-34.619],[-58.723,-34.618],[-58.722,-34.618],[-58.722,-34.617],[-58.721,-34.617],[-58.721,-34.616],[-58.721,-34.615],[-58.72,-34.615],[-58.72,-34.614],[-58.72,-34.613],[-58.72,-34.612],[-58.719,-34.611],[-58.719,-34.61],[-58.717,-34.61],[-58.718,-34.609],[-58.718,-34.608],[-58.717,-34.608],[-58.717,-34.607],[-58.716,-34.607],[-58.715,-34.606],[-58.714,-34.606],[-58.713,-34.606],[-58.713,-34.605],[-58.712,-34.605],[-58.712,-34.604],[-58.711,-34.603],[-58.71,-34.603],[-58.71,-34.602],[-58.71,-34.601],[-58.709,-34.601],[-58.708,-34.601],[-58.707,-34.6],[-58.706,-34.6],[-58.706,-34.599],[-58.705,-34.599],[-58.704,-34.599],[-58.703,-34.599],[-58.703,-34.598],[-58.702,-34.597],[-58.701,-34.597],[-58.7,-34.597],[-58.699,-34.597],[-58.699,-34.596],[-58.698,-34.596],[-58.697,-34.596],[-58.696,-34.596],[-58.696,-34.595],[-58.695,-34.594],[-58.694,-34.594],[-58.682,-34.603],[-58.684,-34.605],[-58.654,-34.63],[-58.654,-34.631],[-58.654,-34.632]]],"type":"Polygon"}},{"type":"Feature","properties":{"name":"La Matanza Norte","zone":"GBA1"},"geometry":{"type":"Polygon","coordinates":[[[-58.601,-34.666],[-58.6,-34.667],[-58.6,-34.668],[-58.599,-34.668],[-58.598,-34.669],[-58.597,-34.67],[-58.596,-34.67],[-58.596,-34.671],[-58.595,-34.671],[-58.594,-34.672],[-58.593,-34.673],[-58.592,-34.674],[-58.591,-34.675],[-58.589,-34.676],[-58.588,-34.677],[-58.587,-34.678],[-58.585,-34.679],[-58.585,-34.68],[-58.584,-34.68],[-58.582,-34.681],[-58.581,-34.681],[-58.58,-34.681],[-58.578,-34.682],[-58.577,-34.682],[-58.575,-34.682],[-58.574,-34.682],[-58.573,-34.683],[-58.572,-34.683],[-58.57,-34.683],[-58.569,-34.684],[-58.567,-34.684],[-58.565,-34.684],[-58.564,-34.685],[-58.563,-34.685],[-58.562,-34.685],[-58.561,-34.686],[-58.56,-34.686],[-58.559,-34.688],[-58.558,-34.688],[-58.556,-34.689],[-58.555,-34.69],[-58.554,-34.691],[-58.552,-34.692],[-58.55,-34.694],[-58.549,-34.695],[-58.548,-34.696],[-58.547,-34.697],[-58.546,-34.697],[-58.545,-34.698],[-58.543,-34.699],[-58.543,-34.7],[-58.542,-34.7],[-58.542,-34.701],[-58.541,-34.701],[-58.54,-34.701],[-58.539,-34.702],[-58.539,-34.703],[-58.537,-34.704],[-58.535,-34.706],[-58.534,-34.706],[-58.534,-34.707],[-58.533,-34.707],[-58.532,-34.707],[-58.532,-34.708],[-58.53,-34.709],[-58.529,-34.71],[-58.528,-34.71],[-58.528,-34.711],[-58.523,-34.714],[-58.523,-34.715],[-58.52,-34.717],[-58.52,-34.718],[-58.518,-34.719],[-58.518,-34.72],[-58.517,-34.72],[-58.517,-34.721],[-58.516,-34.721],[-58.516,-34.722],[-58.515,-34.722],[-58.515,-34.723],[-58.514,-34.723],[-58.514,-34.724],[-58.512,-34.725],[-58.511,-34.726],[-58.509,-34.726],[-58.509,-34.727],[-58.508,-34.727],[-58.507,-34.727],[-58.507,-34.728],[-58.507,-34.727],[-58.506,-34.727],[-58.506,-34.726],[-58.505,-34.725],[-58.505,-34.724],[-58.505,-34.723],[-58.505,-34.722],[-58.504,-34.721],[-58.503,-34.721],[-58.502,-34.722],[-58.501,-34.722],[-58.501,-34.723],[-58.5,-34.723],[-58.499,-34.723],[-58.498,-34.723],[-58.498,-34.724],[-58.497,-34.724],[-58.496,-34.724],[-58.496,-34.725],[-58.495,-34.725],[-58.494,-34.725],[-58.494,-34.726],[-58.493,-34.726],[-58.493,-34.727],[-58.493,-34.728],[-58.492,-34.728],[-58.491,-34.728],[-58.491,-34.729],[-58.49,-34.729],[-58.489,-34.729],[-58.488,-34.729],[-58.487,-34.73],[-58.486,-34.731],[-58.486,-34.732],[-58.485,-34.732],[-58.484,-34.732],[-58.484,-34.731],[-58.484,-34.73],[-58.484,-34.729],[-58.484,-34.728],[-58.485,-34.728],[-58.484,-34.727],[-58.481,-34.724],[-58.48,-34.724],[-58.465,-34.709],[-58.461,-34.705],[-58.47,-34.699],[-58.503,-34.675],[-58.529,-34.655],[-58.534,-34.651],[-58.554,-34.636],[-58.555,-34.636],[-58.556,-34.635],[-58.562,-34.636],[-58.562,-34.637],[-58.564,-34.638],[-58.566,-34.638],[-58.568,-34.638],[-58.571,-34.638],[-58.57,-34.642],[-58.582,-34.643],[-58.581,-34.649],[-58.583,-34.651],[-58.593,-34.66],[-58.597,-34.663],[-58.6,-34.666],[-58.601,-34.666]]]}},{"type":"Feature","properties":{"name":"La Matanza Sur","zone":"GBA2"},"geometry":{"type":"Polygon","coordinates":[[[-58.775,-34.828],[-58.751,-34.847],[-58.763,-34.858],[-58.73,-34.883],[-58.693,-34.912],[-58.692,-34.912],[-58.691,-34.912],[-58.69,-34.912],[-58.689,-34.912],[-58.688,-34.912],[-58.686,-34.912],[-58.686,-34.911],[-58.685,-34.911],[-58.684,-34.91],[-58.683,-34.909],[-58.682,-34.908],[-58.681,-34.908],[-58.681,-34.907],[-58.68,-34.907],[-58.679,-34.906],[-58.678,-34.906],[-58.677,-34.906],[-58.677,-34.905],[-58.676,-34.905],[-58.675,-34.904],[-58.674,-34.904],[-58.673,-34.905],[-58.673,-34.904],[-58.672,-34.904],[-58.671,-34.904],[-58.671,-34.903],[-58.67,-34.903],[-58.669,-34.903],[-58.668,-34.902],[-58.667,-34.902],[-58.667,-34.901],[-58.666,-34.901],[-58.665,-34.9],[-58.665,-34.899],[-58.664,-34.899],[-58.663,-34.899],[-58.662,-34.898],[-58.661,-34.898],[-58.66,-34.897],[-58.659,-34.896],[-58.658,-34.895],[-58.657,-34.895],[-58.656,-34.895],[-58.656,-34.894],[-58.655,-34.894],[-58.655,-34.893],[-58.654,-34.893],[-58.653,-34.892],[-58.652,-34.892],[-58.652,-34.891],[-58.651,-34.891],[-58.65,-34.891],[-58.65,-34.89],[-58.649,-34.89],[-58.648,-34.89],[-58.647,-34.89],[-58.647,-34.889],[-58.647,-34.888],[-58.647,-34.887],[-58.646,-34.886],[-58.646,-34.885],[-58.646,-34.884],[-58.646,-34.883],[-58.646,-34.882],[-58.646,-34.881],[-58.646,-34.88],[-58.645,-34.88],[-58.645,-34.879],[-58.645,-34.878],[-58.644,-34.877],[-58.645,-34.877],[-58.645,-34.876],[-58.645,-34.875],[-58.644,-34.875],[-58.644,-34.874],[-58.644,-34.873],[-58.643,-34.872],[-58.643,-34.871],[-58.643,-34.87],[-58.643,-34.869],[-58.643,-34.868],[-58.642,-34.868],[-58.641,-34.868],[-58.641,-34.867],[-58.64,-34.866],[-58.639,-34.866],[-58.639,-34.865],[-58.64,-34.865],[-58.64,-34.864],[-58.64,-34.863],[-58.639,-34.863],[-58.639,-34.862],[-58.638,-34.862],[-58.637,-34.861],[-58.637,-34.86],[-58.636,-34.86],[-58.636,-34.859],[-58.636,-34.858],[-58.635,-34.858],[-58.635,-34.857],[-58.634,-34.857],[-58.634,-34.856],[-58.633,-34.856],[-58.633,-34.855],[-58.632,-34.855],[-58.632,-34.854],[-58.631,-34.854],[-58.631,-34.853],[-58.63,-34.853],[-58.63,-34.852],[-58.63,-34.851],[-58.631,-34.851],[-58.63,-34.851],[-58.63,-34.85],[-58.63,-34.849],[-58.629,-34.849],[-58.629,-34.848],[-58.629,-34.847],[-58.628,-34.846],[-58.627,-34.845],[-58.626,-34.845],[-58.625,-34.845],[-58.625,-34.844],[-58.625,-34.843],[-58.625,-34.842],[-58.624,-34.841],[-58.624,-34.84],[-58.624,-34.839],[-58.623,-34.839],[-58.623,-34.838],[-58.622,-34.837],[-58.622,-34.836],[-58.621,-34.836],[-58.621,-34.835],[-58.621,-34.834],[-58.62,-34.834],[-58.62,-34.833],[-58.62,-34.832],[-58.62,-34.831],[-58.62,-34.83],[-58.619,-34.83],[-58.618,-34.829],[-58.617,-34.828],[-58.617,-34.827],[-58.617,-34.826],[-58.617,-34.825],[-58.616,-34.824],[-58.616,-34.823],[-58.616,-34.822],[-58.617,-34.822],[-58.617,-34.821],[-58.616,-34.82],[-58.616,-34.819],[-58.615,-34.818],[-58.614,-34.817],[-58.613,-34.817],[-58.612,-34.816],[-58.612,-34.815],[-58.611,-34.815],[-58.611,-34.814],[-58.61,-34.814],[-58.61,-34.813],[-58.609,-34.813],[-58.608,-34.813],[-58.607,-34.812],[-58.607,-34.811],[-58.606,-34.811],[-58.605,-34.81],[-58.604,-34.81],[-58.603,-34.81],[-58.602,-34.81],[-58.602,-34.811],[-58.601,-34.811],[-58.6,-34.811],[-58.599,-34.81],[-58.599,-34.809],[-58.598,-34.809],[-58.598,-34.808],[-58.598,-34.807],[-58.597,-34.807],[-58.597,-34.806],[-58.597,-34.805],[-58.598,-34.805],[-58.597,-34.805],[-58.596,-34.805],[-58.596,-34.806],[-58.595,-34.806],[-58.595,-34.805],[-58.594,-34.805],[-58.595,-34.805],[-58.595,-34.804],[-58.596,-34.804],[-58.596,-34.803],[-58.595,-34.803],[-58.594,-34.802],[-58.594,-34.801],[-58.593,-34.801],[-58.593,-34.8],[-58.593,-34.799],[-58.592,-34.799],[-58.591,-34.799],[-58.591,-34.798],[-58.59,-34.798],[-58.59,-34.797],[-58.591,-34.797],[-58.591,-34.796],[-58.59,-34.795],[-58.589,-34.794],[-58.588,-34.793],[-58.588,-34.792],[-58.588,-34.791],[-58.589,-34.791],[-58.588,-34.79],[-58.588,-34.789],[-58.588,-34.788],[-58.588,-34.787],[-58.588,-34.786],[-58.587,-34.786],[-58.587,-34.785],[-58.586,-34.784],[-58.585,-34.784],[-58.585,-34.783],[-58.584,-34.783],[-58.584,-34.782],[-58.585,-34.782],[-58.585,-34.781],[-58.586,-34.781],[-58.587,-34.781],[-58.587,-34.78],[-58.586,-34.78],[-58.585,-34.779],[-58.584,-34.778],[-58.583,-34.778],[-58.583,-34.777],[-58.582,-34.777],[-58.581,-34.777],[-58.581,-34.776],[-58.58,-34.776],[-58.58,-34.777],[-58.579,-34.777],[-58.579,-34.778],[-58.578,-34.778],[-58.577,-34.778],[-58.576,-34.778],[-58.576,-34.777],[-58.575,-34.777],[-58.575,-34.776],[-58.574,-34.776],[-58.574,-34.775],[-58.573,-34.775],[-58.572,-34.775],[-58.572,-34.774],[-58.572,-34.773],[-58.573,-34.773],[-58.574,-34.773],[-58.575,-34.773],[-58.575,-34.772],[-58.574,-34.772],[-58.574,-34.771],[-58.574,-34.77],[-58.575,-34.77],[-58.575,-34.769],[-58.575,-34.768],[-58.574,-34.768],[-58.574,-34.767],[-58.574,-34.766],[-58.573,-34.767],[-58.572,-34.767],[-58.571,-34.767],[-58.57,-34.766],[-58.57,-34.765],[-58.569,-34.765],[-58.569,-34.766],[-58.568,-34.766],[-58.568,-34.765],[-58.568,-34.764],[-58.569,-34.764],[-58.569,-34.763],[-58.569,-34.762],[-58.569,-34.761],[-58.568,-34.761],[-58.568,-34.76],[-58.568,-34.759],[-58.568,-34.758],[-58.567,-34.758],[-58.567,-34.757],[-58.566,-34.757],[-58.565,-34.757],[-58.564,-34.757],[-58.563,-34.757],[-58.562,-34.757],[-58.561,-34.757],[-58.56,-34.757],[-58.56,-34.756],[-58.559,-34.756],[-58.558,-34.757],[-58.557,-34.757],[-58.556,-34.757],[-58.556,-34.756],[-58.555,-34.755],[-58.554,-34.755],[-58.554,-34.754],[-58.553,-34.753],[-58.553,-34.752],[-58.553,-34.751],[-58.552,-34.751],[-58.551,-34.751],[-58.551,-34.752],[-58.551,-34.753],[-58.55,-34.753],[-58.549,-34.753],[-58.549,-34.754],[-58.548,-34.754],[-58.548,-34.755],[-58.547,-34.756],[-58.546,-34.756],[-58.546,-34.757],[-58.546,-34.758],[-58.546,-34.759],[-58.545,-34.759],[-58.545,-34.758],[-58.544,-34.758],[-58.543,-34.758],[-58.542,-34.758],[-58.541,-34.758],[-58.54,-34.757],[-58.539,-34.757],[-58.538,-34.757],[-58.537,-34.757],[-58.537,-34.756],[-58.536,-34.756],[-58.536,-34.755],[-58.537,-34.755],[-58.537,-34.754],[-58.537,-34.753],[-58.536,-34.753],[-58.537,-34.753],[-58.537,-34.752],[-58.538,-34.751],[-58.539,-34.751],[-58.538,-34.75],[-58.538,-34.749],[-58.539,-34.749],[-58.539,-34.748],[-58.539,-34.747],[-58.538,-34.747],[-58.538,-34.746],[-58.537,-34.746],[-58.536,-34.745],[-58.535,-34.745],[-58.534,-34.745],[-58.533,-34.745],[-58.532,-34.746],[-58.531,-34.746],[-58.531,-34.745],[-58.53,-34.744],[-58.529,-34.744],[-58.528,-34.744],[-58.527,-34.744],[-58.526,-34.743],[-58.525,-34.743],[-58.525,-34.742],[-58.524,-34.742],[-58.523,-34.741],[-58.522,-34.741],[-58.521,-34.741],[-58.52,-34.741],[-58.519,-34.741],[-58.518,-34.741],[-58.517,-34.741],[-58.516,-34.741],[-58.516,-34.74],[-58.515,-34.74],[-58.514,-34.74],[-58.513,-34.74],[-58.512,-34.74],[-58.512,-34.739],[-58.513,-34.739],[-58.513,-34.738],[-58.512,-34.738],[-58.512,-34.737],[-58.511,-34.737],[-58.511,-34.736],[-58.51,-34.736],[-58.51,-34.735],[-58.509,-34.735],[-58.509,-34.734],[-58.51,-34.734],[-58.51,-34.733],[-58.509,-34.733],[-58.509,-34.732],[-58.508,-34.732],[-58.507,-34.731],[-58.507,-34.73],[-58.507,-34.729],[-58.507,-34.728],[-58.507,-34.727],[-58.508,-34.727],[-58.509,-34.727],[-58.509,-34.726],[-58.511,-34.726],[-58.512,-34.725],[-58.514,-34.724],[-58.514,-34.723],[-58.515,-34.723],[-58.515,-34.722],[-58.516,-34.722],[-58.516,-34.721],[-58.517,-34.721],[-58.517,-34.72],[-58.518,-34.72],[-58.518,-34.719],[-58.52,-34.718],[-58.52,-34.717],[-58.523,-34.715],[-58.523,-34.714],[-58.528,-34.711],[-58.528,-34.71],[-58.529,-34.71],[-58.53,-34.709],[-58.532,-34.708],[-58.532,-34.707],[-58.533,-34.707],[-58.534,-34.707],[-58.534,-34.706],[-58.535,-34.706],[-58.537,-34.704],[-58.539,-34.703],[-58.539,-34.702],[-58.54,-34.701],[-58.541,-34.701],[-58.542,-34.701],[-58.542,-34.7],[-58.543,-34.7],[-58.543,-34.699],[-58.545,-34.698],[-58.546,-34.697],[-58.547,-34.697],[-58.548,-34.696],[-58.549,-34.695],[-58.55,-34.694],[-58.552,-34.692],[-58.554,-34.691],[-58.555,-34.69],[-58.556,-34.689],[-58.558,-34.688],[-58.559,-34.688],[-58.56,-34.686],[-58.561,-34.686],[-58.562,-34.685],[-58.563,-34.685],[-58.564,-34.685],[-58.565,-34.684],[-58.567,-34.684],[-58.569,-34.684],[-58.57,-34.683],[-58.572,-34.683],[-58.573,-34.683],[-58.574,-34.682],[-58.575,-34.682],[-58.577,-34.682],[-58.578,-34.682],[-58.58,-34.681],[-58.581,-34.681],[-58.582,-34.681],[-58.584,-34.68],[-58.585,-34.68],[-58.585,-34.679],[-58.587,-34.678],[-58.588,-34.677],[-58.589,-34.676],[-58.591,-34.675],[-58.592,-34.674],[-58.593,-34.673],[-58.594,-34.672],[-58.595,-34.671],[-58.596,-34.671],[-58.596,-34.67],[-58.597,-34.67],[-58.598,-34.669],[-58.599,-34.668],[-58.6,-34.668],[-58.6,-34.667],[-58.601,-34.666],[-58.608,-34.673],[-58.623,-34.687],[-58.64,-34.702],[-58.64,-34.701],[-58.641,-34.704],[-58.643,-34.71],[-58.636,-34.715],[-58.65,-34.727],[-58.655,-34.722],[-58.666,-34.731],[-58.67,-34.734],[-58.67,-34.735],[-58.675,-34.739],[-58.658,-34.753],[-58.666,-34.76],[-58.674,-34.766],[-58.682,-34.759],[-58.695,-34.771],[-58.704,-34.779],[-58.721,-34.765],[-58.729,-34.759],[-58.735,-34.764],[-58.74,-34.769],[-58.75,-34.777],[-58.707,-34.811],[-58.708,-34.812],[-58.709,-34.812],[-58.71,-34.812],[-58.711,-34.812],[-58.711,-34.813],[-58.711,-34.814],[-58.712,-34.814],[-58.712,-34.815],[-58.713,-34.815],[-58.715,-34.816],[-58.716,-34.816],[-58.717,-34.816],[-58.718,-34.817],[-58.719,-34.817],[-58.719,-34.818],[-58.72,-34.818],[-58.721,-34.818],[-58.722,-34.818],[-58.723,-34.818],[-58.724,-34.818],[-58.725,-34.818],[-58.726,-34.818],[-58.727,-34.818],[-58.728,-34.818],[-58.729,-34.818],[-58.73,-34.818],[-58.731,-34.818],[-58.731,-34.817],[-58.732,-34.817],[-58.733,-34.817],[-58.734,-34.817],[-58.735,-34.817],[-58.735,-34.818],[-58.735,-34.819],[-58.735,-34.82],[-58.736,-34.82],[-58.737,-34.821],[-58.738,-34.821],[-58.738,-34.822],[-58.739,-34.822],[-58.739,-34.823],[-58.74,-34.823],[-58.74,-34.824],[-58.741,-34.824],[-58.742,-34.824],[-58.743,-34.824],[-58.743,-34.825],[-58.744,-34.825],[-58.745,-34.825],[-58.746,-34.825],[-58.747,-34.824],[-58.747,-34.825],[-58.748,-34.825],[-58.749,-34.825],[-58.75,-34.825],[-58.751,-34.825],[-58.752,-34.826],[-58.753,-34.826],[-58.754,-34.826],[-58.754,-34.827],[-58.755,-34.827],[-58.756,-34.827],[-58.757,-34.827],[-58.758,-34.827],[-58.759,-34.827],[-58.76,-34.827],[-58.761,-34.827],[-58.762,-34.827],[-58.763,-34.827],[-58.764,-34.827],[-58.765,-34.827],[-58.766,-34.827],[-58.767,-34.827],[-58.768,-34.827],[-58.769,-34.827],[-58.77,-34.827],[-58.771,-34.827],[-58.771,-34.828],[-58.772,-34.828],[-58.773,-34.828],[-58.773,-34.827],[-58.774,-34.827],[-58.774,-34.828],[-58.775,-34.828]]]}},{"type":"Feature","properties":{"name":"General Rodríguez","zone":"GBA3"},"geometry":{"coordinates":[[[-58.962,-34.534],[-58.929,-34.516],[-58.908,-34.545],[-58.885,-34.577],[-58.891,-34.58],[-58.885,-34.587],[-58.872,-34.604],[-58.869,-34.609],[-58.868,-34.611],[-58.864,-34.617],[-58.875,-34.623],[-58.881,-34.625],[-58.881,-34.626],[-58.884,-34.627],[-58.884,-34.628],[-58.882,-34.629],[-58.881,-34.629],[-58.882,-34.63],[-58.881,-34.632],[-58.882,-34.639],[-58.882,-34.64],[-58.882,-34.641],[-58.882,-34.642],[-58.883,-34.642],[-58.883,-34.643],[-58.883,-34.644],[-58.882,-34.644],[-58.882,-34.645],[-58.882,-34.646],[-58.881,-34.646],[-58.882,-34.647],[-58.881,-34.647],[-58.881,-34.648],[-58.881,-34.649],[-58.881,-34.65],[-58.882,-34.651],[-58.882,-34.652],[-58.882,-34.653],[-58.883,-34.653],[-58.883,-34.654],[-58.883,-34.655],[-58.883,-34.656],[-58.883,-34.657],[-58.883,-34.658],[-58.883,-34.659],[-58.882,-34.66],[-58.883,-34.66],[-58.883,-34.661],[-58.883,-34.662],[-58.883,-34.663],[-58.883,-34.664],[-58.884,-34.664],[-58.884,-34.665],[-58.884,-34.666],[-58.884,-34.668],[-58.885,-34.669],[-58.884,-34.669],[-58.884,-34.67],[-58.884,-34.671],[-58.883,-34.672],[-58.882,-34.672],[-58.88,-34.673],[-58.879,-34.673],[-58.875,-34.677],[-58.874,-34.677],[-58.874,-34.678],[-58.873,-34.678],[-58.873,-34.679],[-58.872,-34.679],[-58.871,-34.679],[-58.87,-34.679],[-58.87,-34.68],[-58.869,-34.68],[-58.869,-34.681],[-58.868,-34.681],[-58.868,-34.682],[-58.867,-34.682],[-58.866,-34.682],[-58.865,-34.682],[-58.865,-34.683],[-58.866,-34.683],[-58.866,-34.684],[-58.867,-34.685],[-58.868,-34.685],[-58.868,-34.686],[-58.868,-34.687],[-58.869,-34.687],[-58.869,-34.688],[-58.87,-34.688],[-58.871,-34.688],[-58.871,-34.689],[-58.872,-34.689],[-58.873,-34.689],[-58.874,-34.689],[-58.874,-34.69],[-58.875,-34.69],[-58.877,-34.691],[-58.879,-34.692],[-58.88,-34.692],[-58.881,-34.692],[-58.881,-34.693],[-58.883,-34.694],[-58.886,-34.695],[-58.887,-34.695],[-58.887,-34.696],[-58.888,-34.696],[-58.889,-34.696],[-58.89,-34.696],[-58.891,-34.696],[-58.891,-34.697],[-58.892,-34.697],[-58.893,-34.697],[-58.894,-34.697],[-58.895,-34.697],[-58.896,-34.697],[-58.897,-34.698],[-58.898,-34.698],[-58.899,-34.698],[-58.899,-34.697],[-58.9,-34.697],[-58.901,-34.698],[-58.902,-34.699],[-58.902,-34.698],[-58.903,-34.698],[-58.904,-34.699],[-58.905,-34.699],[-58.905,-34.698],[-58.906,-34.698],[-58.907,-34.698],[-58.908,-34.698],[-58.909,-34.698],[-58.91,-34.698],[-58.911,-34.698],[-58.912,-34.698],[-58.913,-34.698],[-58.913,-34.699],[-58.914,-34.7],[-58.914,-34.701],[-58.915,-34.701],[-58.915,-34.7],[-58.916,-34.7],[-58.917,-34.699],[-58.918,-34.699],[-58.919,-34.699],[-58.92,-34.699],[-58.921,-34.699],[-58.922,-34.699],[-58.923,-34.7],[-58.923,-34.701],[-58.924,-34.701],[-58.925,-34.701],[-58.926,-34.701],[-58.929,-34.701],[-58.93,-34.701],[-58.93,-34.702],[-58.931,-34.702],[-58.932,-34.702],[-58.933,-34.703],[-58.934,-34.703],[-58.935,-34.703],[-58.936,-34.703],[-58.936,-34.704],[-58.937,-34.704],[-58.938,-34.705],[-58.939,-34.705],[-58.939,-34.706],[-58.94,-34.707],[-58.941,-34.707],[-58.941,-34.708],[-58.941,-34.709],[-58.942,-34.709],[-58.942,-34.71],[-58.943,-34.71],[-58.944,-34.711],[-58.945,-34.711],[-58.946,-34.712],[-58.947,-34.712],[-58.947,-34.713],[-58.948,-34.713],[-58.949,-34.713],[-58.949,-34.714],[-58.95,-34.714],[-58.95,-34.715],[-58.951,-34.715],[-58.952,-34.715],[-58.953,-34.716],[-58.954,-34.717],[-58.954,-34.718],[-58.955,-34.719],[-58.955,-34.72],[-58.955,-34.721],[-58.955,-34.722],[-58.956,-34.722],[-58.956,-34.723],[-58.956,-34.724],[-58.956,-34.725],[-58.957,-34.726],[-58.957,-34.727],[-58.958,-34.728],[-58.958,-34.729],[-58.959,-34.729],[-58.959,-34.73],[-58.96,-34.73],[-58.96,-34.731],[-58.961,-34.732],[-58.962,-34.732],[-58.962,-34.733],[-58.963,-34.734],[-58.964,-34.735],[-58.965,-34.736],[-58.965,-34.737],[-58.966,-34.737],[-58.966,-34.738],[-58.967,-34.738],[-58.968,-34.739],[-58.969,-34.739],[-58.97,-34.74],[-58.97,-34.741],[-58.971,-34.741],[-58.971,-34.742],[-58.972,-34.742],[-58.972,-34.743],[-58.973,-34.743],[-58.975,-34.744],[-58.976,-34.745],[-58.977,-34.745],[-58.977,-34.746],[-58.978,-34.746],[-58.979,-34.746],[-58.979,-34.747],[-58.98,-34.747],[-58.98,-34.748],[-58.981,-34.748],[-58.981,-34.749],[-58.982,-34.749],[-58.982,-34.75],[-58.982,-34.751],[-58.983,-34.751],[-58.984,-34.751],[-58.984,-34.752],[-58.985,-34.752],[-58.986,-34.752],[-58.987,-34.753],[-58.988,-34.753],[-58.989,-34.753],[-58.99,-34.753],[-58.991,-34.754],[-58.992,-34.755],[-58.993,-34.755],[-58.993,-34.756],[-58.993,-34.757],[-58.994,-34.757],[-58.994,-34.758],[-58.995,-34.759],[-58.996,-34.76],[-58.997,-34.761],[-58.998,-34.762],[-58.999,-34.762],[-58.999,-34.763],[-59,-34.763],[-59.001,-34.763],[-59.002,-34.763],[-59.003,-34.764],[-59.004,-34.764],[-59.004,-34.763],[-59.005,-34.763],[-59.006,-34.762],[-59.007,-34.762],[-59.008,-34.762],[-59.009,-34.762],[-59.009,-34.761],[-59.01,-34.761],[-59.011,-34.761],[-59.012,-34.76],[-59.013,-34.76],[-59.014,-34.759],[-59.015,-34.759],[-59.016,-34.759],[-59.016,-34.758],[-59.017,-34.758],[-59.018,-34.758],[-59.018,-34.759],[-59.019,-34.759],[-59.02,-34.758],[-59.021,-34.758],[-59.022,-34.758],[-59.023,-34.758],[-59.023,-34.759],[-59.024,-34.759],[-59.025,-34.759],[-59.026,-34.759],[-59.026,-34.76],[-59.027,-34.76],[-59.028,-34.76],[-59.028,-34.761],[-59.029,-34.761],[-59.03,-34.762],[-59.031,-34.763],[-59.032,-34.764],[-59.041,-34.756],[-59.056,-34.744],[-59.063,-34.739],[-59.072,-34.732],[-59.089,-34.717],[-59.09,-34.717],[-59.09,-34.718],[-59.091,-34.719],[-59.132,-34.666],[-59.131,-34.666],[-59.136,-34.659],[-59.113,-34.647],[-59.115,-34.644],[-59.105,-34.639],[-59.091,-34.632],[-59.09,-34.634],[-59.056,-34.617],[-59.071,-34.604],[-59.036,-34.587],[-59.032,-34.593],[-59.027,-34.589],[-59.025,-34.593],[-59.016,-34.588],[-59.015,-34.59],[-59.001,-34.583],[-59.001,-34.584],[-58.994,-34.581],[-58.986,-34.577],[-58.993,-34.569],[-58.984,-34.565],[-58.987,-34.56],[-58.96,-34.546],[-58.96,-34.547],[-58.954,-34.544],[-58.962,-34.534]]],"type":"Polygon"}},{"type":"Feature","properties":{"name":"Tres de Febrero","zone":"GBA1"},"geometry":{"coordinates":[[[-58.618,-34.547],[-58.605,-34.557],[-58.591,-34.569],[-58.564,-34.59],[-58.563,-34.591],[-58.562,-34.591],[-58.535,-34.595],[-58.529,-34.596],[-58.527,-34.596],[-58.523,-34.597],[-58.529,-34.611],[-58.531,-34.616],[-58.53,-34.635],[-58.529,-34.654],[-58.529,-34.655],[-58.534,-34.651],[-58.554,-34.636],[-58.555,-34.636],[-58.556,-34.635],[-58.559,-34.633],[-58.562,-34.63],[-58.567,-34.626],[-58.572,-34.629],[-58.589,-34.606],[-58.593,-34.608],[-58.616,-34.588],[-58.639,-34.569],[-58.646,-34.563],[-58.645,-34.562],[-58.644,-34.561],[-58.644,-34.56],[-58.643,-34.559],[-58.642,-34.559],[-58.641,-34.559],[-58.64,-34.558],[-58.64,-34.557],[-58.64,-34.556],[-58.639,-34.556],[-58.638,-34.555],[-58.637,-34.555],[-58.636,-34.554],[-58.635,-34.554],[-58.634,-34.554],[-58.633,-34.554],[-58.633,-34.553],[-58.632,-34.553],[-58.632,-34.552],[-58.631,-34.552],[-58.631,-34.551],[-58.631,-34.55],[-58.63,-34.549],[-58.629,-34.549],[-58.628,-34.548],[-58.627,-34.547],[-58.626,-34.547],[-58.625,-34.547],[-58.625,-34.546],[-58.624,-34.546],[-58.623,-34.546],[-58.623,-34.547],[-58.622,-34.546],[-58.621,-34.546],[-58.62,-34.546],[-58.62,-34.547],[-58.619,-34.547],[-58.618,-34.547]]],"type":"Polygon"}},{"type":"Feature","properties":{"name":"Merlo","zone":"GBA2"},"geometry":{"coordinates":[[[-58.667,-34.686],[-58.658,-34.694],[-58.657,-34.694],[-58.656,-34.695],[-58.641,-34.704],[-58.643,-34.71],[-58.636,-34.715],[-58.65,-34.727],[-58.655,-34.722],[-58.666,-34.731],[-58.67,-34.734],[-58.67,-34.735],[-58.675,-34.739],[-58.658,-34.753],[-58.666,-34.76],[-58.674,-34.766],[-58.682,-34.759],[-58.695,-34.771],[-58.704,-34.779],[-58.721,-34.765],[-58.729,-34.759],[-58.735,-34.764],[-58.74,-34.769],[-58.75,-34.777],[-58.755,-34.773],[-58.761,-34.769],[-58.771,-34.762],[-58.78,-34.756],[-58.804,-34.74],[-58.809,-34.737],[-58.819,-34.731],[-58.83,-34.724],[-58.856,-34.704],[-58.865,-34.698],[-58.865,-34.697],[-58.865,-34.696],[-58.864,-34.696],[-58.864,-34.695],[-58.865,-34.695],[-58.865,-34.694],[-58.865,-34.693],[-58.864,-34.693],[-58.865,-34.693],[-58.864,-34.693],[-58.864,-34.692],[-58.863,-34.691],[-58.863,-34.69],[-58.862,-34.689],[-58.862,-34.688],[-58.861,-34.688],[-58.862,-34.688],[-58.861,-34.688],[-58.861,-34.687],[-58.861,-34.686],[-58.861,-34.685],[-58.86,-34.685],[-58.859,-34.685],[-58.858,-34.685],[-58.856,-34.685],[-58.855,-34.685],[-58.854,-34.685],[-58.853,-34.685],[-58.852,-34.685],[-58.851,-34.685],[-58.85,-34.685],[-58.848,-34.685],[-58.847,-34.685],[-58.846,-34.685],[-58.845,-34.685],[-58.844,-34.685],[-58.843,-34.685],[-58.842,-34.686],[-58.84,-34.686],[-58.838,-34.686],[-58.837,-34.686],[-58.836,-34.686],[-58.835,-34.686],[-58.833,-34.686],[-58.831,-34.685],[-58.83,-34.685],[-58.829,-34.685],[-58.828,-34.684],[-58.827,-34.684],[-58.826,-34.684],[-58.826,-34.683],[-58.825,-34.683],[-58.824,-34.683],[-58.823,-34.683],[-58.822,-34.684],[-58.821,-34.685],[-58.819,-34.686],[-58.818,-34.686],[-58.818,-34.685],[-58.817,-34.685],[-58.817,-34.684],[-58.816,-34.684],[-58.815,-34.683],[-58.815,-34.682],[-58.814,-34.682],[-58.813,-34.682],[-58.812,-34.682],[-58.811,-34.682],[-58.811,-34.681],[-58.81,-34.681],[-58.81,-34.68],[-58.81,-34.679],[-58.81,-34.678],[-58.81,-34.677],[-58.809,-34.677],[-58.808,-34.677],[-58.807,-34.677],[-58.806,-34.677],[-58.805,-34.677],[-58.805,-34.676],[-58.804,-34.676],[-58.803,-34.676],[-58.802,-34.675],[-58.801,-34.675],[-58.8,-34.675],[-58.799,-34.675],[-58.799,-34.674],[-58.798,-34.674],[-58.797,-34.674],[-58.796,-34.674],[-58.796,-34.673],[-58.795,-34.673],[-58.794,-34.673],[-58.793,-34.672],[-58.792,-34.672],[-58.792,-34.671],[-58.791,-34.671],[-58.79,-34.671],[-58.789,-34.671],[-58.789,-34.67],[-58.788,-34.67],[-58.787,-34.67],[-58.787,-34.669],[-58.786,-34.669],[-58.785,-34.669],[-58.785,-34.668],[-58.784,-34.668],[-58.783,-34.668],[-58.783,-34.667],[-58.782,-34.667],[-58.782,-34.666],[-58.781,-34.666],[-58.78,-34.666],[-58.78,-34.665],[-58.779,-34.665],[-58.779,-34.666],[-58.778,-34.666],[-58.777,-34.665],[-58.776,-34.665],[-58.775,-34.665],[-58.774,-34.665],[-58.773,-34.665],[-58.773,-34.664],[-58.772,-34.664],[-58.771,-34.664],[-58.771,-34.665],[-58.77,-34.665],[-58.769,-34.665],[-58.769,-34.664],[-58.768,-34.664],[-58.768,-34.663],[-58.768,-34.662],[-58.767,-34.662],[-58.766,-34.662],[-58.766,-34.661],[-58.765,-34.661],[-58.765,-34.662],[-58.764,-34.662],[-58.763,-34.662],[-58.763,-34.661],[-58.762,-34.661],[-58.761,-34.661],[-58.76,-34.661],[-58.76,-34.66],[-58.759,-34.66],[-58.758,-34.66],[-58.757,-34.66],[-58.756,-34.66],[-58.756,-34.659],[-58.755,-34.659],[-58.755,-34.658],[-58.754,-34.658],[-58.753,-34.658],[-58.753,-34.657],[-58.752,-34.657],[-58.752,-34.656],[-58.751,-34.656],[-58.751,-34.655],[-58.75,-34.655],[-58.75,-34.654],[-58.749,-34.654],[-58.749,-34.653],[-58.748,-34.653],[-58.747,-34.653],[-58.747,-34.652],[-58.746,-34.652],[-58.746,-34.651],[-58.745,-34.65],[-58.744,-34.65],[-58.743,-34.65],[-58.742,-34.649],[-58.741,-34.649],[-58.74,-34.648],[-58.74,-34.647],[-58.739,-34.646],[-58.738,-34.646],[-58.737,-34.645],[-58.736,-34.644],[-58.735,-34.644],[-58.734,-34.644],[-58.734,-34.643],[-58.733,-34.643],[-58.732,-34.643],[-58.732,-34.642],[-58.731,-34.641],[-58.732,-34.64],[-58.732,-34.639],[-58.732,-34.638],[-58.731,-34.637],[-58.73,-34.636],[-58.73,-34.635],[-58.729,-34.635],[-58.721,-34.641],[-58.667,-34.686]]],"type":"Polygon"}},{"type":"Feature","properties":{"name":"Lanús","zone":"GBA1"},"geometry":{"coordinates":[[[-58.403,-34.66],[-58.406,-34.664],[-58.405,-34.665],[-58.401,-34.668],[-58.4,-34.669],[-58.398,-34.67],[-58.395,-34.672],[-58.397,-34.675],[-58.392,-34.68],[-58.386,-34.685],[-58.38,-34.689],[-58.378,-34.688],[-58.36,-34.704],[-58.35,-34.713],[-58.348,-34.714],[-58.333,-34.727],[-58.343,-34.735],[-58.347,-34.739],[-58.348,-34.74],[-58.356,-34.74],[-58.367,-34.746],[-58.372,-34.741],[-58.375,-34.743],[-58.38,-34.739],[-58.386,-34.737],[-58.39,-34.736],[-58.395,-34.736],[-58.409,-34.733],[-58.413,-34.733],[-58.417,-34.728],[-58.427,-34.722],[-58.438,-34.703],[-58.443,-34.696],[-58.447,-34.689],[-58.441,-34.682],[-58.439,-34.679],[-58.431,-34.67],[-58.43,-34.669],[-58.427,-34.666],[-58.426,-34.664],[-58.424,-34.662],[-58.421,-34.661],[-58.419,-34.66],[-58.417,-34.66],[-58.415,-34.659],[-58.414,-34.659],[-58.413,-34.659],[-58.412,-34.659],[-58.411,-34.659],[-58.408,-34.66],[-58.405,-34.66],[-58.403,-34.66]]],"type":"Polygon"}},{"type":"Feature","properties":{"name":"Marcos Paz","zone":"GBA3"},"geometry":{"coordinates":[[[-58.86,-34.685],[-58.861,-34.685],[-58.861,-34.686],[-58.861,-34.687],[-58.861,-34.688],[-58.862,-34.688],[-58.861,-34.688],[-58.862,-34.688],[-58.862,-34.689],[-58.863,-34.69],[-58.863,-34.691],[-58.864,-34.692],[-58.864,-34.693],[-58.865,-34.693],[-58.864,-34.693],[-58.865,-34.693],[-58.865,-34.694],[-58.865,-34.695],[-58.864,-34.695],[-58.864,-34.696],[-58.865,-34.696],[-58.865,-34.697],[-58.865,-34.698],[-58.856,-34.704],[-58.83,-34.724],[-58.819,-34.731],[-58.809,-34.737],[-58.804,-34.74],[-58.78,-34.756],[-58.771,-34.762],[-58.761,-34.769],[-58.755,-34.773],[-58.75,-34.777],[-58.707,-34.811],[-58.708,-34.812],[-58.709,-34.812],[-58.71,-34.812],[-58.711,-34.812],[-58.711,-34.813],[-58.711,-34.814],[-58.712,-34.814],[-58.712,-34.815],[-58.713,-34.815],[-58.715,-34.816],[-58.716,-34.816],[-58.717,-34.816],[-58.718,-34.817],[-58.719,-34.817],[-58.719,-34.818],[-58.72,-34.818],[-58.721,-34.818],[-58.722,-34.818],[-58.723,-34.818],[-58.724,-34.818],[-58.725,-34.818],[-58.726,-34.818],[-58.727,-34.818],[-58.728,-34.818],[-58.729,-34.818],[-58.73,-34.818],[-58.731,-34.818],[-58.731,-34.817],[-58.732,-34.817],[-58.733,-34.817],[-58.734,-34.817],[-58.735,-34.817],[-58.735,-34.818],[-58.735,-34.819],[-58.735,-34.82],[-58.736,-34.82],[-58.737,-34.821],[-58.738,-34.821],[-58.738,-34.822],[-58.739,-34.822],[-58.739,-34.823],[-58.74,-34.823],[-58.74,-34.824],[-58.741,-34.824],[-58.742,-34.824],[-58.743,-34.824],[-58.743,-34.825],[-58.744,-34.825],[-58.745,-34.825],[-58.746,-34.825],[-58.747,-34.824],[-58.747,-34.825],[-58.748,-34.825],[-58.749,-34.825],[-58.75,-34.825],[-58.751,-34.825],[-58.752,-34.826],[-58.753,-34.826],[-58.754,-34.826],[-58.754,-34.827],[-58.755,-34.827],[-58.756,-34.827],[-58.757,-34.827],[-58.758,-34.827],[-58.759,-34.827],[-58.76,-34.827],[-58.761,-34.827],[-58.762,-34.827],[-58.763,-34.827],[-58.764,-34.827],[-58.765,-34.827],[-58.766,-34.827],[-58.767,-34.827],[-58.768,-34.827],[-58.769,-34.827],[-58.77,-34.827],[-58.771,-34.827],[-58.771,-34.828],[-58.772,-34.828],[-58.773,-34.828],[-58.773,-34.827],[-58.774,-34.827],[-58.774,-34.828],[-58.775,-34.828],[-58.751,-34.847],[-58.763,-34.858],[-58.73,-34.883],[-58.693,-34.912],[-58.695,-34.912],[-58.696,-34.912],[-58.697,-34.913],[-58.698,-34.913],[-58.699,-34.913],[-58.7,-34.913],[-58.701,-34.914],[-58.703,-34.916],[-58.704,-34.916],[-58.705,-34.916],[-58.706,-34.916],[-58.706,-34.917],[-58.707,-34.917],[-58.708,-34.917],[-58.71,-34.917],[-58.71,-34.918],[-58.711,-34.918],[-58.712,-34.918],[-58.713,-34.918],[-58.714,-34.919],[-58.715,-34.919],[-58.716,-34.92],[-58.717,-34.92],[-58.718,-34.921],[-58.719,-34.922],[-58.72,-34.922],[-58.721,-34.923],[-58.721,-34.922],[-58.722,-34.922],[-58.723,-34.923],[-58.724,-34.923],[-58.725,-34.923],[-58.726,-34.923],[-58.728,-34.924],[-58.729,-34.925],[-58.73,-34.926],[-58.73,-34.927],[-58.731,-34.928],[-58.732,-34.929],[-58.733,-34.929],[-58.733,-34.93],[-58.734,-34.93],[-58.734,-34.931],[-58.734,-34.932],[-58.735,-34.932],[-58.735,-34.933],[-58.736,-34.934],[-58.737,-34.935],[-58.738,-34.935],[-58.739,-34.936],[-58.741,-34.937],[-58.742,-34.938],[-58.743,-34.938],[-58.744,-34.939],[-58.745,-34.939],[-58.746,-34.94],[-58.747,-34.94],[-58.748,-34.94],[-58.751,-34.941],[-58.751,-34.942],[-58.752,-34.943],[-58.752,-34.944],[-58.753,-34.944],[-58.753,-34.945],[-58.753,-34.946],[-58.754,-34.947],[-58.754,-34.948],[-58.755,-34.948],[-58.755,-34.949],[-58.756,-34.949],[-58.756,-34.95],[-58.757,-34.951],[-58.757,-34.952],[-58.758,-34.952],[-58.759,-34.953],[-58.76,-34.954],[-58.761,-34.955],[-58.761,-34.956],[-58.762,-34.956],[-58.762,-34.957],[-58.763,-34.957],[-58.763,-34.958],[-58.764,-34.958],[-58.765,-34.959],[-58.766,-34.959],[-58.767,-34.959],[-58.768,-34.958],[-58.769,-34.958],[-58.77,-34.958],[-58.771,-34.958],[-58.772,-34.958],[-58.772,-34.957],[-58.773,-34.957],[-58.773,-34.958],[-58.774,-34.958],[-58.775,-34.958],[-58.775,-34.957],[-58.776,-34.957],[-58.777,-34.957],[-58.777,-34.956],[-58.778,-34.956],[-58.779,-34.956],[-58.78,-34.956],[-58.78,-34.955],[-58.781,-34.955],[-58.782,-34.955],[-58.783,-34.955],[-58.784,-34.955],[-58.785,-34.954],[-58.786,-34.954],[-58.787,-34.954],[-58.788,-34.954],[-58.789,-34.954],[-58.79,-34.954],[-58.791,-34.954],[-58.792,-34.955],[-58.809,-34.942],[-58.859,-34.904],[-58.846,-34.892],[-58.871,-34.873],[-58.881,-34.865],[-58.891,-34.857],[-58.906,-34.845],[-58.928,-34.827],[-58.926,-34.826],[-58.936,-34.818],[-58.951,-34.831],[-58.971,-34.816],[-58.996,-34.795],[-59.016,-34.78],[-59.034,-34.767],[-59.034,-34.766],[-59.033,-34.766],[-59.033,-34.765],[-59.032,-34.765],[-59.032,-34.764],[-59.031,-34.763],[-59.03,-34.762],[-59.029,-34.761],[-59.028,-34.761],[-59.028,-34.76],[-59.027,-34.76],[-59.026,-34.76],[-59.026,-34.759],[-59.025,-34.759],[-59.024,-34.759],[-59.023,-34.759],[-59.023,-34.758],[-59.022,-34.758],[-59.021,-34.758],[-59.02,-34.758],[-59.019,-34.759],[-59.018,-34.759],[-59.018,-34.758],[-59.017,-34.758],[-59.016,-34.758],[-59.016,-34.759],[-59.015,-34.759],[-59.014,-34.759],[-59.013,-34.76],[-59.012,-34.76],[-59.011,-34.761],[-59.01,-34.761],[-59.009,-34.761],[-59.009,-34.762],[-59.008,-34.762],[-59.007,-34.762],[-59.006,-34.762],[-59.005,-34.763],[-59.004,-34.763],[-59.004,-34.764],[-59.003,-34.764],[-59.002,-34.763],[-59.001,-34.763],[-59,-34.763],[-58.999,-34.763],[-58.999,-34.762],[-58.998,-34.762],[-58.997,-34.761],[-58.996,-34.76],[-58.995,-34.759],[-58.994,-34.758],[-58.994,-34.757],[-58.993,-34.757],[-58.993,-34.756],[-58.993,-34.755],[-58.992,-34.755],[-58.991,-34.754],[-58.99,-34.753],[-58.989,-34.753],[-58.988,-34.753],[-58.987,-34.753],[-58.986,-34.752],[-58.985,-34.752],[-58.984,-34.752],[-58.984,-34.751],[-58.983,-34.751],[-58.982,-34.751],[-58.982,-34.75],[-58.982,-34.749],[-58.981,-34.749],[-58.981,-34.748],[-58.98,-34.748],[-58.98,-34.747],[-58.979,-34.747],[-58.979,-34.746],[-58.978,-34.746],[-58.977,-34.746],[-58.977,-34.745],[-58.976,-34.745],[-58.975,-34.744],[-58.973,-34.743],[-58.972,-34.743],[-58.972,-34.742],[-58.971,-34.742],[-58.971,-34.741],[-58.97,-34.741],[-58.97,-34.74],[-58.969,-34.739],[-58.968,-34.739],[-58.967,-34.738],[-58.966,-34.738],[-58.966,-34.737],[-58.965,-34.737],[-58.965,-34.736],[-58.964,-34.735],[-58.963,-34.734],[-58.962,-34.733],[-58.962,-34.732],[-58.961,-34.732],[-58.96,-34.731],[-58.96,-34.73],[-58.959,-34.73],[-58.959,-34.729],[-58.958,-34.729],[-58.958,-34.728],[-58.957,-34.727],[-58.957,-34.726],[-58.956,-34.725],[-58.956,-34.724],[-58.956,-34.723],[-58.956,-34.722],[-58.955,-34.722],[-58.955,-34.721],[-58.955,-34.72],[-58.955,-34.719],[-58.954,-34.718],[-58.954,-34.717],[-58.953,-34.716],[-58.952,-34.715],[-58.951,-34.715],[-58.95,-34.715],[-58.95,-34.714],[-58.949,-34.714],[-58.949,-34.713],[-58.948,-34.713],[-58.947,-34.713],[-58.947,-34.712],[-58.946,-34.712],[-58.945,-34.711],[-58.944,-34.711],[-58.943,-34.71],[-58.942,-34.71],[-58.942,-34.709],[-58.941,-34.709],[-58.941,-34.708],[-58.941,-34.707],[-58.94,-34.707],[-58.939,-34.706],[-58.939,-34.705],[-58.938,-34.705],[-58.937,-34.704],[-58.936,-34.704],[-58.936,-34.703],[-58.935,-34.703],[-58.934,-34.703],[-58.933,-34.703],[-58.932,-34.702],[-58.931,-34.702],[-58.93,-34.702],[-58.93,-34.701],[-58.929,-34.701],[-58.926,-34.701],[-58.925,-34.701],[-58.924,-34.701],[-58.923,-34.701],[-58.923,-34.7],[-58.922,-34.699],[-58.921,-34.699],[-58.92,-34.699],[-58.919,-34.699],[-58.918,-34.699],[-58.917,-34.699],[-58.916,-34.7],[-58.915,-34.7],[-58.915,-34.701],[-58.914,-34.701],[-58.914,-34.7],[-58.913,-34.699],[-58.913,-34.698],[-58.912,-34.698],[-58.911,-34.698],[-58.91,-34.698],[-58.909,-34.698],[-58.908,-34.698],[-58.907,-34.698],[-58.906,-34.698],[-58.905,-34.698],[-58.905,-34.699],[-58.904,-34.699],[-58.903,-34.698],[-58.902,-34.698],[-58.902,-34.699],[-58.901,-34.698],[-58.9,-34.697],[-58.899,-34.697],[-58.899,-34.698],[-58.898,-34.698],[-58.897,-34.698],[-58.896,-34.697],[-58.895,-34.697],[-58.894,-34.697],[-58.893,-34.697],[-58.892,-34.697],[-58.891,-34.697],[-58.891,-34.696],[-58.89,-34.696],[-58.889,-34.696],[-58.888,-34.696],[-58.887,-34.696],[-58.887,-34.695],[-58.886,-34.695],[-58.883,-34.694],[-58.881,-34.693],[-58.881,-34.692],[-58.88,-34.692],[-58.879,-34.692],[-58.877,-34.691],[-58.875,-34.69],[-58.874,-34.69],[-58.874,-34.689],[-58.873,-34.689],[-58.872,-34.689],[-58.871,-34.689],[-58.871,-34.688],[-58.87,-34.688],[-58.869,-34.688],[-58.869,-34.687],[-58.868,-34.687],[-58.868,-34.686],[-58.868,-34.685],[-58.867,-34.685],[-58.866,-34.684],[-58.866,-34.683],[-58.865,-34.683],[-58.865,-34.682],[-58.865,-34.683],[-58.864,-34.683],[-58.863,-34.683],[-58.863,-34.684],[-58.862,-34.684],[-58.861,-34.685],[-58.86,-34.685]]],"type":"Polygon"}},{"type":"Feature","properties":{"name":"Lomas de Zamora","zone":"GBA1"},"geometry":{"coordinates":[[[-58.347,-34.739],[-58.344,-34.743],[-58.339,-34.751],[-58.337,-34.754],[-58.346,-34.76],[-58.362,-34.767],[-58.359,-34.771],[-58.368,-34.775],[-58.377,-34.781],[-58.41,-34.799],[-58.408,-34.801],[-58.405,-34.805],[-58.431,-34.817],[-58.44,-34.805],[-58.448,-34.794],[-58.456,-34.783],[-58.461,-34.776],[-58.463,-34.774],[-58.467,-34.769],[-58.48,-34.752],[-58.482,-34.748],[-58.485,-34.745],[-58.493,-34.734],[-58.501,-34.723],[-58.5,-34.723],[-58.499,-34.723],[-58.498,-34.723],[-58.498,-34.724],[-58.497,-34.724],[-58.496,-34.724],[-58.496,-34.725],[-58.495,-34.725],[-58.494,-34.725],[-58.494,-34.726],[-58.493,-34.726],[-58.493,-34.727],[-58.493,-34.728],[-58.492,-34.728],[-58.491,-34.728],[-58.491,-34.729],[-58.49,-34.729],[-58.489,-34.729],[-58.488,-34.729],[-58.487,-34.73],[-58.486,-34.731],[-58.486,-34.732],[-58.485,-34.732],[-58.484,-34.732],[-58.484,-34.731],[-58.484,-34.73],[-58.484,-34.729],[-58.484,-34.728],[-58.485,-34.728],[-58.484,-34.727],[-58.481,-34.724],[-58.48,-34.724],[-58.465,-34.709],[-58.461,-34.705],[-58.453,-34.696],[-58.45,-34.693],[-58.447,-34.689],[-58.443,-34.696],[-58.438,-34.703],[-58.427,-34.722],[-58.417,-34.728],[-58.413,-34.733],[-58.409,-34.733],[-58.395,-34.736],[-58.39,-34.736],[-58.386,-34.737],[-58.38,-34.739],[-58.375,-34.743],[-58.372,-34.741],[-58.367,-34.746],[-58.356,-34.74],[-58.348,-34.74],[-58.347,-34.739]]],"type":"Polygon"}},{"type":"Feature","properties":{"name":"Esteban Echeverría","zone":"GBA2"},"geometry":{"coordinates":[[[-58.501,-34.723],[-58.493,-34.734],[-58.485,-34.745],[-58.482,-34.748],[-58.48,-34.752],[-58.467,-34.769],[-58.463,-34.774],[-58.461,-34.776],[-58.456,-34.783],[-58.448,-34.794],[-58.44,-34.805],[-58.431,-34.817],[-58.447,-34.826],[-58.448,-34.826],[-58.444,-34.832],[-58.44,-34.836],[-58.43,-34.85],[-58.423,-34.86],[-58.419,-34.865],[-58.419,-34.866],[-58.413,-34.873],[-58.422,-34.886],[-58.427,-34.888],[-58.454,-34.902],[-58.452,-34.903],[-58.463,-34.909],[-58.464,-34.908],[-58.492,-34.928],[-58.5,-34.919],[-58.501,-34.916],[-58.505,-34.908],[-58.509,-34.901],[-58.509,-34.9],[-58.509,-34.899],[-58.506,-34.89],[-58.504,-34.881],[-58.502,-34.87],[-58.502,-34.864],[-58.503,-34.861],[-58.503,-34.856],[-58.503,-34.855],[-58.503,-34.854],[-58.506,-34.845],[-58.507,-34.844],[-58.507,-34.842],[-58.507,-34.84],[-58.508,-34.834],[-58.508,-34.829],[-58.508,-34.828],[-58.509,-34.823],[-58.51,-34.819],[-58.514,-34.801],[-58.514,-34.8],[-58.514,-34.799],[-58.515,-34.796],[-58.515,-34.795],[-58.516,-34.794],[-58.516,-34.793],[-58.517,-34.793],[-58.517,-34.792],[-58.518,-34.791],[-58.518,-34.79],[-58.519,-34.789],[-58.522,-34.784],[-58.523,-34.784],[-58.523,-34.783],[-58.524,-34.782],[-58.524,-34.781],[-58.525,-34.78],[-58.525,-34.779],[-58.523,-34.755],[-58.523,-34.754],[-58.523,-34.753],[-58.523,-34.752],[-58.523,-34.751],[-58.523,-34.75],[-58.522,-34.749],[-58.522,-34.748],[-58.522,-34.747],[-58.522,-34.746],[-58.521,-34.745],[-58.521,-34.744],[-58.521,-34.743],[-58.52,-34.741],[-58.519,-34.741],[-58.518,-34.741],[-58.517,-34.741],[-58.516,-34.741],[-58.516,-34.74],[-58.515,-34.74],[-58.514,-34.74],[-58.513,-34.74],[-58.512,-34.74],[-58.512,-34.739],[-58.513,-34.739],[-58.513,-34.738],[-58.512,-34.738],[-58.512,-34.737],[-58.511,-34.737],[-58.511,-34.736],[-58.51,-34.736],[-58.51,-34.735],[-58.509,-34.735],[-58.509,-34.734],[-58.51,-34.734],[-58.51,-34.733],[-58.509,-34.733],[-58.509,-34.732],[-58.508,-34.732],[-58.507,-34.731],[-58.507,-34.73],[-58.507,-34.729],[-58.507,-34.728],[-58.507,-34.727],[-58.506,-34.727],[-58.506,-34.726],[-58.505,-34.725],[-58.505,-34.724],[-58.505,-34.723],[-58.505,-34.722],[-58.504,-34.721],[-58.503,-34.721],[-58.502,-34.722],[-58.501,-34.722],[-58.501,-34.723]]],"type":"Polygon"}},{"type":"Feature","properties":{"name":"Ezeiza","zone":"GBA2"},"geometry":{"coordinates":[[[-58.52,-34.741],[-58.521,-34.743],[-58.521,-34.744],[-58.521,-34.745],[-58.522,-34.746],[-58.522,-34.747],[-58.522,-34.748],[-58.522,-34.749],[-58.523,-34.75],[-58.523,-34.751],[-58.523,-34.752],[-58.523,-34.753],[-58.523,-34.754],[-58.523,-34.755],[-58.525,-34.779],[-58.525,-34.78],[-58.524,-34.781],[-58.524,-34.782],[-58.523,-34.783],[-58.523,-34.784],[-58.522,-34.784],[-58.519,-34.789],[-58.518,-34.79],[-58.518,-34.791],[-58.517,-34.792],[-58.517,-34.793],[-58.516,-34.793],[-58.516,-34.794],[-58.515,-34.795],[-58.515,-34.796],[-58.514,-34.799],[-58.514,-34.8],[-58.514,-34.801],[-58.51,-34.819],[-58.509,-34.823],[-58.508,-34.828],[-58.508,-34.829],[-58.508,-34.834],[-58.507,-34.84],[-58.507,-34.842],[-58.507,-34.844],[-58.506,-34.845],[-58.503,-34.854],[-58.503,-34.855],[-58.503,-34.856],[-58.503,-34.861],[-58.502,-34.864],[-58.502,-34.87],[-58.504,-34.881],[-58.506,-34.89],[-58.509,-34.899],[-58.509,-34.9],[-58.509,-34.901],[-58.505,-34.908],[-58.501,-34.916],[-58.5,-34.919],[-58.492,-34.928],[-58.513,-34.947],[-58.53,-34.962],[-58.533,-34.959],[-58.554,-34.975],[-58.549,-34.98],[-58.556,-35.007],[-58.583,-34.988],[-58.62,-34.961],[-58.616,-34.958],[-58.614,-34.957],[-58.606,-34.949],[-58.599,-34.943],[-58.612,-34.927],[-58.61,-34.925],[-58.611,-34.925],[-58.612,-34.924],[-58.613,-34.924],[-58.614,-34.924],[-58.615,-34.924],[-58.616,-34.924],[-58.617,-34.924],[-58.617,-34.923],[-58.618,-34.923],[-58.618,-34.922],[-58.618,-34.921],[-58.619,-34.921],[-58.62,-34.921],[-58.62,-34.92],[-58.621,-34.92],[-58.622,-34.92],[-58.623,-34.92],[-58.624,-34.92],[-58.624,-34.919],[-58.625,-34.919],[-58.626,-34.919],[-58.627,-34.918],[-58.628,-34.92],[-58.651,-34.891],[-58.65,-34.891],[-58.65,-34.89],[-58.649,-34.89],[-58.648,-34.89],[-58.647,-34.89],[-58.647,-34.889],[-58.647,-34.888],[-58.647,-34.887],[-58.646,-34.886],[-58.646,-34.885],[-58.646,-34.884],[-58.646,-34.883],[-58.646,-34.882],[-58.646,-34.881],[-58.646,-34.88],[-58.645,-34.88],[-58.645,-34.879],[-58.645,-34.878],[-58.644,-34.877],[-58.645,-34.877],[-58.645,-34.876],[-58.645,-34.875],[-58.644,-34.875],[-58.644,-34.874],[-58.644,-34.873],[-58.643,-34.872],[-58.643,-34.871],[-58.643,-34.87],[-58.643,-34.869],[-58.643,-34.868],[-58.642,-34.868],[-58.641,-34.868],[-58.641,-34.867],[-58.64,-34.866],[-58.639,-34.866],[-58.639,-34.865],[-58.64,-34.865],[-58.64,-34.864],[-58.64,-34.863],[-58.639,-34.863],[-58.639,-34.862],[-58.638,-34.862],[-58.637,-34.861],[-58.637,-34.86],[-58.636,-34.86],[-58.636,-34.859],[-58.636,-34.858],[-58.635,-34.858],[-58.635,-34.857],[-58.634,-34.857],[-58.634,-34.856],[-58.633,-34.856],[-58.633,-34.855],[-58.632,-34.855],[-58.632,-34.854],[-58.631,-34.854],[-58.631,-34.853],[-58.63,-34.853],[-58.63,-34.852],[-58.63,-34.851],[-58.631,-34.851],[-58.63,-34.851],[-58.63,-34.85],[-58.63,-34.849],[-58.629,-34.849],[-58.629,-34.848],[-58.629,-34.847],[-58.628,-34.846],[-58.627,-34.845],[-58.626,-34.845],[-58.625,-34.845],[-58.625,-34.844],[-58.625,-34.843],[-58.625,-34.842],[-58.624,-34.841],[-58.624,-34.84],[-58.624,-34.839],[-58.623,-34.839],[-58.623,-34.838],[-58.622,-34.837],[-58.622,-34.836],[-58.621,-34.836],[-58.621,-34.835],[-58.621,-34.834],[-58.62,-34.834],[-58.62,-34.833],[-58.62,-34.832],[-58.62,-34.831],[-58.62,-34.83],[-58.619,-34.83],[-58.618,-34.829],[-58.617,-34.828],[-58.617,-34.827],[-58.617,-34.826],[-58.617,-34.825],[-58.616,-34.824],[-58.616,-34.823],[-58.616,-34.822],[-58.617,-34.822],[-58.617,-34.821],[-58.616,-34.82],[-58.616,-34.819],[-58.615,-34.818],[-58.614,-34.817],[-58.613,-34.817],[-58.612,-34.816],[-58.612,-34.815],[-58.611,-34.815],[-58.611,-34.814],[-58.61,-34.814],[-58.61,-34.813],[-58.609,-34.813],[-58.608,-34.813],[-58.607,-34.812],[-58.607,-34.811],[-58.606,-34.811],[-58.605,-34.81],[-58.604,-34.81],[-58.603,-34.81],[-58.602,-34.81],[-58.602,-34.811],[-58.601,-34.811],[-58.6,-34.811],[-58.599,-34.81],[-58.599,-34.809],[-58.598,-34.809],[-58.598,-34.808],[-58.598,-34.807],[-58.597,-34.807],[-58.597,-34.806],[-58.597,-34.805],[-58.598,-34.805],[-58.597,-34.805],[-58.596,-34.805],[-58.596,-34.806],[-58.595,-34.806],[-58.595,-34.805],[-58.594,-34.805],[-58.595,-34.805],[-58.595,-34.804],[-58.596,-34.804],[-58.596,-34.803],[-58.595,-34.803],[-58.594,-34.802],[-58.594,-34.801],[-58.593,-34.801],[-58.593,-34.8],[-58.593,-34.799],[-58.592,-34.799],[-58.591,-34.799],[-58.591,-34.798],[-58.59,-34.798],[-58.59,-34.797],[-58.591,-34.797],[-58.591,-34.796],[-58.59,-34.795],[-58.589,-34.794],[-58.588,-34.793],[-58.588,-34.792],[-58.588,-34.791],[-58.589,-34.791],[-58.588,-34.79],[-58.588,-34.789],[-58.588,-34.788],[-58.588,-34.787],[-58.588,-34.786],[-58.587,-34.786],[-58.587,-34.785],[-58.586,-34.784],[-58.585,-34.784],[-58.585,-34.783],[-58.584,-34.783],[-58.584,-34.782],[-58.585,-34.782],[-58.585,-34.781],[-58.586,-34.781],[-58.587,-34.781],[-58.587,-34.78],[-58.586,-34.78],[-58.585,-34.779],[-58.584,-34.778],[-58.583,-34.778],[-58.583,-34.777],[-58.582,-34.777],[-58.581,-34.777],[-58.581,-34.776],[-58.58,-34.776],[-58.58,-34.777],[-58.579,-34.777],[-58.579,-34.778],[-58.578,-34.778],[-58.577,-34.778],[-58.576,-34.778],[-58.576,-34.777],[-58.575,-34.777],[-58.575,-34.776],[-58.574,-34.776],[-58.574,-34.775],[-58.573,-34.775],[-58.572,-34.775],[-58.572,-34.774],[-58.572,-34.773],[-58.573,-34.773],[-58.574,-34.773],[-58.575,-34.773],[-58.575,-34.772],[-58.574,-34.772],[-58.574,-34.771],[-58.574,-34.77],[-58.575,-34.77],[-58.575,-34.769],[-58.575,-34.768],[-58.574,-34.768],[-58.574,-34.767],[-58.574,-34.766],[-58.573,-34.767],[-58.572,-34.767],[-58.571,-34.767],[-58.57,-34.766],[-58.57,-34.765],[-58.569,-34.765],[-58.569,-34.766],[-58.568,-34.766],[-58.568,-34.765],[-58.568,-34.764],[-58.569,-34.764],[-58.569,-34.763],[-58.569,-34.762],[-58.569,-34.761],[-58.568,-34.761],[-58.568,-34.76],[-58.568,-34.759],[-58.568,-34.758],[-58.567,-34.758],[-58.567,-34.757],[-58.566,-34.757],[-58.565,-34.757],[-58.564,-34.757],[-58.563,-34.757],[-58.562,-34.757],[-58.561,-34.757],[-58.56,-34.757],[-58.56,-34.756],[-58.559,-34.756],[-58.558,-34.757],[-58.557,-34.757],[-58.556,-34.757],[-58.556,-34.756],[-58.555,-34.755],[-58.554,-34.755],[-58.554,-34.754],[-58.553,-34.753],[-58.553,-34.752],[-58.553,-34.751],[-58.552,-34.751],[-58.551,-34.751],[-58.551,-34.752],[-58.551,-34.753],[-58.55,-34.753],[-58.549,-34.753],[-58.549,-34.754],[-58.548,-34.754],[-58.548,-34.755],[-58.547,-34.756],[-58.546,-34.756],[-58.546,-34.757],[-58.546,-34.758],[-58.546,-34.759],[-58.545,-34.759],[-58.545,-34.758],[-58.544,-34.758],[-58.543,-34.758],[-58.542,-34.758],[-58.541,-34.758],[-58.54,-34.757],[-58.539,-34.757],[-58.538,-34.757],[-58.537,-34.757],[-58.537,-34.756],[-58.536,-34.756],[-58.536,-34.755],[-58.537,-34.755],[-58.537,-34.754],[-58.537,-34.753],[-58.536,-34.753],[-58.537,-34.753],[-58.537,-34.752],[-58.538,-34.751],[-58.539,-34.751],[-58.538,-34.75],[-58.538,-34.749],[-58.539,-34.749],[-58.539,-34.748],[-58.539,-34.747],[-58.538,-34.747],[-58.538,-34.746],[-58.537,-34.746],[-58.536,-34.745],[-58.535,-34.745],[-58.534,-34.745],[-58.533,-34.745],[-58.532,-34.746],[-58.531,-34.746],[-58.531,-34.745],[-58.53,-34.744],[-58.529,-34.744],[-58.528,-34.744],[-58.527,-34.744],[-58.526,-34.743],[-58.525,-34.743],[-58.525,-34.742],[-58.524,-34.742],[-58.523,-34.741],[-58.522,-34.741],[-58.521,-34.741],[-58.52,-34.741]]],"type":"Polygon"}},{"type":"Feature","properties":{"name":"Florencio Varela","zone":"GBA2"},"geometry":{"coordinates":[[[-58.267,-34.774],[-58.265,-34.777],[-58.258,-34.785],[-58.253,-34.79],[-58.252,-34.792],[-58.251,-34.793],[-58.25,-34.793],[-58.248,-34.793],[-58.248,-34.794],[-58.247,-34.794],[-58.246,-34.795],[-58.24,-34.799],[-58.24,-34.8],[-58.239,-34.8],[-58.239,-34.801],[-58.238,-34.801],[-58.235,-34.802],[-58.229,-34.805],[-58.225,-34.806],[-58.214,-34.809],[-58.209,-34.811],[-58.206,-34.812],[-58.204,-34.812],[-58.201,-34.813],[-58.2,-34.814],[-58.195,-34.821],[-58.191,-34.837],[-58.189,-34.842],[-58.187,-34.846],[-58.184,-34.855],[-58.182,-34.86],[-58.18,-34.866],[-58.199,-34.883],[-58.21,-34.892],[-58.23,-34.909],[-58.247,-34.924],[-58.211,-34.952],[-58.248,-34.984],[-58.247,-34.987],[-58.264,-34.998],[-58.269,-35.001],[-58.277,-35.009],[-58.288,-34.992],[-58.301,-34.972],[-58.288,-34.965],[-58.302,-34.945],[-58.317,-34.926],[-58.295,-34.915],[-58.285,-34.916],[-58.281,-34.916],[-58.277,-34.916],[-58.276,-34.916],[-58.282,-34.907],[-58.298,-34.895],[-58.312,-34.875],[-58.317,-34.868],[-58.292,-34.855],[-58.296,-34.85],[-58.303,-34.842],[-58.323,-34.819],[-58.327,-34.814],[-58.333,-34.806],[-58.31,-34.793],[-58.304,-34.801],[-58.302,-34.8],[-58.302,-34.799],[-58.301,-34.799],[-58.301,-34.798],[-58.301,-34.797],[-58.301,-34.796],[-58.301,-34.795],[-58.301,-34.794],[-58.301,-34.793],[-58.3,-34.793],[-58.3,-34.792],[-58.301,-34.792],[-58.301,-34.791],[-58.301,-34.79],[-58.3,-34.79],[-58.299,-34.789],[-58.299,-34.788],[-58.299,-34.787],[-58.298,-34.787],[-58.298,-34.786],[-58.299,-34.786],[-58.298,-34.785],[-58.299,-34.785],[-58.299,-34.784],[-58.298,-34.784],[-58.288,-34.778],[-58.275,-34.771],[-58.272,-34.769],[-58.269,-34.772],[-58.267,-34.774]]],"type":"Polygon"}},{"type":"Feature","properties":{"name":"Cañuelas","zone":"GBA3"},"geometry":{"coordinates":[[[-58.556,-35.007],[-58.554,-35.009],[-58.587,-35.038],[-58.6,-35.05],[-58.581,-35.065],[-58.579,-35.065],[-58.578,-35.102],[-58.578,-35.124],[-58.577,-35.148],[-58.551,-35.168],[-58.559,-35.174],[-58.537,-35.192],[-58.534,-35.19],[-58.496,-35.221],[-58.495,-35.22],[-58.469,-35.238],[-58.472,-35.24],[-58.488,-35.254],[-58.497,-35.262],[-58.501,-35.266],[-58.51,-35.274],[-58.52,-35.283],[-58.527,-35.289],[-58.54,-35.3],[-58.548,-35.306],[-58.558,-35.316],[-58.567,-35.324],[-58.572,-35.328],[-58.566,-35.333],[-58.564,-35.334],[-58.556,-35.341],[-58.545,-35.35],[-58.534,-35.358],[-58.524,-35.366],[-58.533,-35.373],[-58.543,-35.382],[-58.541,-35.384],[-58.552,-35.394],[-58.564,-35.405],[-58.57,-35.411],[-58.574,-35.414],[-58.582,-35.422],[-58.663,-35.356],[-58.664,-35.354],[-58.669,-35.358],[-58.674,-35.36],[-58.687,-35.351],[-58.698,-35.342],[-58.706,-35.336],[-58.708,-35.335],[-58.698,-35.325],[-58.699,-35.324],[-58.69,-35.316],[-58.679,-35.306],[-58.7,-35.291],[-58.707,-35.287],[-58.724,-35.273],[-58.732,-35.267],[-58.748,-35.254],[-58.771,-35.274],[-58.812,-35.243],[-58.808,-35.239],[-58.855,-35.205],[-58.895,-35.176],[-58.869,-35.154],[-58.899,-35.13],[-58.934,-35.104],[-58.915,-35.087],[-58.893,-35.067],[-58.864,-35.043],[-58.841,-35.021],[-58.838,-35.018],[-58.838,-35.017],[-58.824,-35.005],[-58.799,-34.983],[-58.798,-34.984],[-58.778,-34.965],[-58.789,-34.957],[-58.792,-34.955],[-58.791,-34.954],[-58.79,-34.954],[-58.789,-34.954],[-58.788,-34.954],[-58.787,-34.954],[-58.786,-34.954],[-58.785,-34.954],[-58.784,-34.955],[-58.783,-34.955],[-58.782,-34.955],[-58.781,-34.955],[-58.78,-34.955],[-58.78,-34.956],[-58.779,-34.956],[-58.778,-34.956],[-58.777,-34.956],[-58.777,-34.957],[-58.776,-34.957],[-58.775,-34.957],[-58.775,-34.958],[-58.774,-34.958],[-58.773,-34.958],[-58.773,-34.957],[-58.772,-34.957],[-58.772,-34.958],[-58.771,-34.958],[-58.77,-34.958],[-58.769,-34.958],[-58.768,-34.958],[-58.767,-34.959],[-58.766,-34.959],[-58.765,-34.959],[-58.764,-34.958],[-58.763,-34.958],[-58.763,-34.957],[-58.762,-34.957],[-58.762,-34.956],[-58.761,-34.956],[-58.761,-34.955],[-58.76,-34.954],[-58.759,-34.953],[-58.758,-34.952],[-58.757,-34.952],[-58.757,-34.951],[-58.756,-34.95],[-58.756,-34.949],[-58.755,-34.949],[-58.755,-34.948],[-58.754,-34.948],[-58.754,-34.947],[-58.753,-34.946],[-58.753,-34.945],[-58.753,-34.944],[-58.752,-34.944],[-58.752,-34.943],[-58.751,-34.942],[-58.751,-34.941],[-58.748,-34.94],[-58.747,-34.94],[-58.746,-34.94],[-58.745,-34.939],[-58.744,-34.939],[-58.743,-34.938],[-58.742,-34.938],[-58.741,-34.937],[-58.739,-34.936],[-58.738,-34.935],[-58.737,-34.935],[-58.736,-34.934],[-58.735,-34.933],[-58.735,-34.932],[-58.734,-34.932],[-58.734,-34.931],[-58.734,-34.93],[-58.733,-34.93],[-58.733,-34.929],[-58.732,-34.929],[-58.731,-34.928],[-58.73,-34.927],[-58.73,-34.926],[-58.729,-34.925],[-58.728,-34.924],[-58.726,-34.923],[-58.725,-34.923],[-58.724,-34.923],[-58.723,-34.923],[-58.722,-34.922],[-58.721,-34.922],[-58.721,-34.923],[-58.72,-34.922],[-58.719,-34.922],[-58.718,-34.921],[-58.717,-34.92],[-58.716,-34.92],[-58.715,-34.919],[-58.714,-34.919],[-58.713,-34.918],[-58.712,-34.918],[-58.711,-34.918],[-58.71,-34.918],[-58.71,-34.917],[-58.708,-34.917],[-58.707,-34.917],[-58.706,-34.917],[-58.706,-34.916],[-58.705,-34.916],[-58.704,-34.916],[-58.703,-34.916],[-58.701,-34.914],[-58.7,-34.913],[-58.699,-34.913],[-58.698,-34.913],[-58.697,-34.913],[-58.696,-34.912],[-58.695,-34.912],[-58.693,-34.912],[-58.692,-34.912],[-58.691,-34.912],[-58.69,-34.912],[-58.689,-34.912],[-58.688,-34.912],[-58.686,-34.912],[-58.686,-34.911],[-58.685,-34.911],[-58.684,-34.91],[-58.683,-34.909],[-58.682,-34.908],[-58.681,-34.908],[-58.681,-34.907],[-58.68,-34.907],[-58.679,-34.906],[-58.678,-34.906],[-58.677,-34.906],[-58.677,-34.905],[-58.676,-34.905],[-58.675,-34.904],[-58.674,-34.904],[-58.673,-34.905],[-58.673,-34.904],[-58.672,-34.904],[-58.671,-34.904],[-58.671,-34.903],[-58.67,-34.903],[-58.669,-34.903],[-58.668,-34.902],[-58.667,-34.902],[-58.667,-34.901],[-58.666,-34.901],[-58.665,-34.9],[-58.665,-34.899],[-58.664,-34.899],[-58.663,-34.899],[-58.662,-34.898],[-58.661,-34.898],[-58.66,-34.897],[-58.659,-34.896],[-58.658,-34.895],[-58.657,-34.895],[-58.656,-34.895],[-58.656,-34.894],[-58.655,-34.894],[-58.655,-34.893],[-58.654,-34.893],[-58.653,-34.892],[-58.652,-34.892],[-58.652,-34.891],[-58.651,-34.891],[-58.628,-34.92],[-58.627,-34.918],[-58.626,-34.919],[-58.625,-34.919],[-58.624,-34.919],[-58.624,-34.92],[-58.623,-34.92],[-58.622,-34.92],[-58.621,-34.92],[-58.62,-34.92],[-58.62,-34.921],[-58.619,-34.921],[-58.618,-34.921],[-58.618,-34.922],[-58.618,-34.923],[-58.617,-34.923],[-58.617,-34.924],[-58.616,-34.924],[-58.615,-34.924],[-58.614,-34.924],[-58.613,-34.924],[-58.612,-34.924],[-58.611,-34.925],[-58.61,-34.925],[-58.612,-34.927],[-58.599,-34.943],[-58.606,-34.949],[-58.614,-34.957],[-58.616,-34.958],[-58.62,-34.961],[-58.583,-34.988],[-58.556,-35.007]]],"type":"Polygon"}},{"type":"Feature","properties":{"name":"San Vicente","zone":"GBA3"},"geometry":{"coordinates":[[[-58.317,-34.926],[-58.302,-34.945],[-58.288,-34.965],[-58.301,-34.972],[-58.288,-34.992],[-58.277,-35.009],[-58.289,-35.017],[-58.264,-35.035],[-58.247,-35.048],[-58.236,-35.056],[-58.274,-35.092],[-58.301,-35.115],[-58.338,-35.146],[-58.352,-35.135],[-58.362,-35.144],[-58.384,-35.164],[-58.41,-35.186],[-58.414,-35.183],[-58.426,-35.193],[-58.447,-35.212],[-58.444,-35.215],[-58.469,-35.238],[-58.495,-35.22],[-58.496,-35.221],[-58.534,-35.19],[-58.537,-35.192],[-58.559,-35.174],[-58.551,-35.168],[-58.577,-35.148],[-58.578,-35.124],[-58.578,-35.102],[-58.579,-35.065],[-58.581,-35.065],[-58.6,-35.05],[-58.587,-35.038],[-58.554,-35.009],[-58.556,-35.007],[-58.549,-34.98],[-58.554,-34.975],[-58.533,-34.959],[-58.53,-34.962],[-58.513,-34.947],[-58.492,-34.928],[-58.475,-34.941],[-58.465,-34.948],[-58.465,-34.949],[-58.464,-34.95],[-58.463,-34.951],[-58.463,-34.952],[-58.463,-34.954],[-58.467,-34.968],[-58.468,-34.969],[-58.468,-34.986],[-58.468,-34.987],[-58.469,-34.995],[-58.47,-34.997],[-58.47,-34.999],[-58.469,-35.01],[-58.468,-35.011],[-58.449,-34.994],[-58.43,-34.978],[-58.422,-34.982],[-58.412,-34.973],[-58.408,-34.978],[-58.402,-34.974],[-58.399,-34.97],[-58.39,-34.966],[-58.395,-34.959],[-58.378,-34.951],[-58.377,-34.952],[-58.378,-34.956],[-58.376,-34.955],[-58.336,-34.934],[-58.317,-34.925],[-58.317,-34.926]]],"type":"Polygon"}},{"type":"Feature","properties":{"name":"Quilmes","zone":"GBA2"},"geometry":{"coordinates":[[[-58.195,-34.736],[-58.196,-34.736],[-58.205,-34.741],[-58.208,-34.743],[-58.223,-34.75],[-58.23,-34.754],[-58.238,-34.758],[-58.25,-34.765],[-58.257,-34.768],[-58.261,-34.771],[-58.266,-34.772],[-58.267,-34.774],[-58.269,-34.772],[-58.272,-34.769],[-58.275,-34.771],[-58.288,-34.778],[-58.298,-34.784],[-58.299,-34.784],[-58.299,-34.785],[-58.298,-34.785],[-58.299,-34.786],[-58.298,-34.786],[-58.298,-34.787],[-58.299,-34.787],[-58.299,-34.788],[-58.299,-34.789],[-58.3,-34.79],[-58.301,-34.79],[-58.301,-34.791],[-58.301,-34.792],[-58.3,-34.792],[-58.3,-34.793],[-58.301,-34.793],[-58.301,-34.794],[-58.301,-34.795],[-58.301,-34.796],[-58.301,-34.797],[-58.301,-34.798],[-58.301,-34.799],[-58.302,-34.799],[-58.302,-34.8],[-58.304,-34.801],[-58.31,-34.793],[-58.317,-34.783],[-58.32,-34.778],[-58.321,-34.777],[-58.322,-34.776],[-58.322,-34.775],[-58.323,-34.773],[-58.327,-34.768],[-58.333,-34.759],[-58.335,-34.757],[-58.336,-34.755],[-58.337,-34.754],[-58.339,-34.751],[-58.344,-34.743],[-58.347,-34.739],[-58.343,-34.735],[-58.333,-34.727],[-58.324,-34.718],[-58.322,-34.716],[-58.301,-34.697],[-58.297,-34.694],[-58.288,-34.686],[-58.284,-34.683],[-58.28,-34.679],[-58.278,-34.68],[-58.267,-34.685],[-58.263,-34.688],[-58.26,-34.689],[-58.256,-34.691],[-58.252,-34.693],[-58.25,-34.695],[-58.249,-34.695],[-58.245,-34.697],[-58.242,-34.698],[-58.235,-34.702],[-58.232,-34.703],[-58.231,-34.702],[-58.231,-34.703],[-58.232,-34.704],[-58.232,-34.705],[-58.231,-34.705],[-58.227,-34.708],[-58.224,-34.709],[-58.222,-34.71],[-58.221,-34.711],[-58.218,-34.713],[-58.215,-34.715],[-58.212,-34.717],[-58.211,-34.719],[-58.208,-34.721],[-58.207,-34.722],[-58.206,-34.723],[-58.205,-34.724],[-58.203,-34.724],[-58.203,-34.726],[-58.202,-34.727],[-58.202,-34.729],[-58.199,-34.732],[-58.198,-34.734],[-58.196,-34.735],[-58.195,-34.736]]],"type":"Polygon"}},{"type":"Feature","properties":{"name":"Vicente López","zone":"GBA1"},"geometry":{"coordinates":[[[-58.465,-34.525],[-58.464,-34.526],[-58.463,-34.527],[-58.462,-34.527],[-58.461,-34.527],[-58.46,-34.527],[-58.46,-34.528],[-58.46,-34.529],[-58.461,-34.53],[-58.462,-34.531],[-58.463,-34.533],[-58.464,-34.533],[-58.472,-34.537],[-58.476,-34.539],[-58.485,-34.543],[-58.501,-34.549],[-58.506,-34.561],[-58.51,-34.569],[-58.511,-34.568],[-58.513,-34.566],[-58.514,-34.564],[-58.515,-34.564],[-58.519,-34.558],[-58.523,-34.553],[-58.525,-34.55],[-58.527,-34.545],[-58.529,-34.542],[-58.528,-34.542],[-58.53,-34.537],[-58.534,-34.54],[-58.538,-34.544],[-58.546,-34.537],[-58.549,-34.534],[-58.554,-34.53],[-58.547,-34.524],[-58.543,-34.521],[-58.539,-34.517],[-58.537,-34.519],[-58.534,-34.516],[-58.532,-34.515],[-58.531,-34.514],[-58.531,-34.513],[-58.524,-34.509],[-58.516,-34.506],[-58.506,-34.502],[-58.492,-34.495],[-58.491,-34.495],[-58.485,-34.492],[-58.484,-34.492],[-58.481,-34.49],[-58.481,-34.489],[-58.48,-34.489],[-58.479,-34.489],[-58.479,-34.49],[-58.479,-34.491],[-58.479,-34.492],[-58.479,-34.493],[-58.48,-34.494],[-58.48,-34.495],[-58.48,-34.496],[-58.48,-34.497],[-58.479,-34.497],[-58.479,-34.498],[-58.478,-34.497],[-58.477,-34.497],[-58.476,-34.498],[-58.477,-34.499],[-58.478,-34.499],[-58.477,-34.501],[-58.477,-34.502],[-58.477,-34.503],[-58.476,-34.504],[-58.478,-34.504],[-58.477,-34.506],[-58.477,-34.507],[-58.476,-34.507],[-58.475,-34.508],[-58.474,-34.508],[-58.474,-34.509],[-58.475,-34.509],[-58.474,-34.511],[-58.473,-34.51],[-58.472,-34.51],[-58.47,-34.512],[-58.47,-34.513],[-58.469,-34.513],[-58.468,-34.513],[-58.469,-34.514],[-58.469,-34.515],[-58.47,-34.515],[-58.469,-34.516],[-58.468,-34.516],[-58.469,-34.517],[-58.47,-34.517],[-58.47,-34.518],[-58.47,-34.519],[-58.469,-34.519],[-58.468,-34.52],[-58.469,-34.521],[-58.469,-34.522],[-58.468,-34.523],[-58.467,-34.523],[-58.466,-34.524],[-58.465,-34.525]]],"type":"Polygon"}},{"type":"Feature","properties":{"name":"Ensenada","zone":"GBA3"},"geometry":{"coordinates":[[[-57.932,-34.904],[-57.957,-34.885],[-57.96,-34.882],[-57.974,-34.872],[-57.984,-34.881],[-57.985,-34.88],[-57.986,-34.88],[-57.987,-34.88],[-57.988,-34.88],[-57.989,-34.88],[-57.99,-34.88],[-57.991,-34.88],[-58,-34.873],[-57.999,-34.872],[-58.022,-34.862],[-58.08,-34.837],[-58.084,-34.835],[-58.044,-34.802],[-58.028,-34.789],[-58.017,-34.78],[-58.013,-34.781],[-58.011,-34.782],[-58.005,-34.785],[-58.001,-34.788],[-57.998,-34.79],[-57.996,-34.792],[-57.994,-34.795],[-57.992,-34.797],[-57.988,-34.799],[-57.985,-34.802],[-57.983,-34.806],[-57.979,-34.809],[-57.976,-34.811],[-57.975,-34.813],[-57.968,-34.818],[-57.958,-34.826],[-57.955,-34.828],[-57.952,-34.829],[-57.95,-34.829],[-57.947,-34.83],[-57.948,-34.832],[-57.947,-34.832],[-57.945,-34.831],[-57.942,-34.832],[-57.928,-34.833],[-57.925,-34.833],[-57.921,-34.831],[-57.907,-34.829],[-57.895,-34.828],[-57.885,-34.828],[-57.88,-34.829],[-57.876,-34.827],[-57.877,-34.829],[-57.881,-34.838],[-57.888,-34.851],[-57.901,-34.875],[-57.932,-34.904]]],"type":"Polygon"}},{"type":"Feature","properties":{"name":"Berazategui","zone":"GBA2"},"geometry":{"coordinates":[[[-58.017,-34.78],[-58.028,-34.789],[-58.044,-34.802],[-58.084,-34.835],[-58.09,-34.84],[-58.144,-34.884],[-58.148,-34.887],[-58.147,-34.888],[-58.208,-34.942],[-58.204,-34.945],[-58.211,-34.952],[-58.247,-34.924],[-58.23,-34.909],[-58.21,-34.892],[-58.199,-34.883],[-58.18,-34.866],[-58.182,-34.86],[-58.184,-34.855],[-58.187,-34.846],[-58.189,-34.842],[-58.191,-34.837],[-58.195,-34.821],[-58.2,-34.814],[-58.201,-34.813],[-58.204,-34.812],[-58.206,-34.812],[-58.209,-34.811],[-58.214,-34.809],[-58.225,-34.806],[-58.229,-34.805],[-58.235,-34.802],[-58.238,-34.801],[-58.239,-34.801],[-58.239,-34.8],[-58.24,-34.8],[-58.24,-34.799],[-58.246,-34.795],[-58.247,-34.794],[-58.248,-34.794],[-58.248,-34.793],[-58.25,-34.793],[-58.251,-34.793],[-58.252,-34.792],[-58.253,-34.79],[-58.258,-34.785],[-58.265,-34.777],[-58.267,-34.774],[-58.266,-34.772],[-58.261,-34.771],[-58.257,-34.768],[-58.25,-34.765],[-58.238,-34.758],[-58.23,-34.754],[-58.223,-34.75],[-58.208,-34.743],[-58.205,-34.741],[-58.196,-34.736],[-58.195,-34.736],[-58.194,-34.736],[-58.19,-34.738],[-58.187,-34.74],[-58.185,-34.741],[-58.183,-34.742],[-58.181,-34.742],[-58.179,-34.745],[-58.176,-34.744],[-58.174,-34.745],[-58.17,-34.746],[-58.166,-34.748],[-58.162,-34.748],[-58.157,-34.748],[-58.155,-34.749],[-58.153,-34.749],[-58.151,-34.749],[-58.145,-34.749],[-58.143,-34.749],[-58.138,-34.749],[-58.136,-34.75],[-58.131,-34.749],[-58.124,-34.75],[-58.119,-34.75],[-58.117,-34.751],[-58.112,-34.752],[-58.109,-34.753],[-58.105,-34.755],[-58.101,-34.756],[-58.096,-34.758],[-58.093,-34.76],[-58.089,-34.762],[-58.079,-34.768],[-58.075,-34.769],[-58.072,-34.771],[-58.066,-34.773],[-58.061,-34.774],[-58.055,-34.776],[-58.052,-34.777],[-58.044,-34.777],[-58.032,-34.778],[-58.025,-34.778],[-58.017,-34.78]]],"type":"Polygon"}},{"type":"Feature","properties":{"name":"Avellaneda","zone":"GBA1"},"geometry":{"coordinates":[[[-58.325,-34.651],[-58.324,-34.652],[-58.319,-34.656],[-58.317,-34.658],[-58.316,-34.659],[-58.315,-34.659],[-58.312,-34.661],[-58.31,-34.662],[-58.31,-34.663],[-58.307,-34.663],[-58.304,-34.666],[-58.302,-34.667],[-58.301,-34.669],[-58.3,-34.668],[-58.298,-34.668],[-58.292,-34.672],[-58.287,-34.674],[-58.284,-34.677],[-58.28,-34.679],[-58.284,-34.683],[-58.288,-34.686],[-58.297,-34.694],[-58.301,-34.697],[-58.322,-34.716],[-58.324,-34.718],[-58.333,-34.727],[-58.348,-34.714],[-58.35,-34.713],[-58.36,-34.704],[-58.378,-34.688],[-58.38,-34.689],[-58.386,-34.685],[-58.392,-34.68],[-58.397,-34.675],[-58.395,-34.672],[-58.398,-34.67],[-58.4,-34.669],[-58.401,-34.668],[-58.405,-34.665],[-58.406,-34.664],[-58.403,-34.66],[-58.402,-34.66],[-58.401,-34.661],[-58.4,-34.661],[-58.399,-34.661],[-58.398,-34.661],[-58.398,-34.662],[-58.397,-34.662],[-58.396,-34.662],[-58.395,-34.662],[-58.394,-34.663],[-58.393,-34.663],[-58.392,-34.663],[-58.391,-34.662],[-58.39,-34.661],[-58.389,-34.661],[-58.388,-34.661],[-58.387,-34.66],[-58.386,-34.659],[-58.385,-34.658],[-58.384,-34.658],[-58.382,-34.658],[-58.381,-34.658],[-58.379,-34.658],[-58.377,-34.657],[-58.376,-34.657],[-58.374,-34.657],[-58.373,-34.656],[-58.372,-34.655],[-58.371,-34.655],[-58.37,-34.654],[-58.369,-34.653],[-58.369,-34.652],[-58.368,-34.651],[-58.367,-34.65],[-58.365,-34.65],[-58.364,-34.649],[-58.363,-34.649],[-58.362,-34.648],[-58.36,-34.647],[-58.359,-34.646],[-58.358,-34.646],[-58.358,-34.645],[-58.357,-34.645],[-58.357,-34.643],[-58.358,-34.642],[-58.358,-34.64],[-58.357,-34.639],[-58.355,-34.638],[-58.354,-34.637],[-58.353,-34.637],[-58.352,-34.635],[-58.35,-34.634],[-58.345,-34.632],[-58.343,-34.631],[-58.342,-34.632],[-58.341,-34.632],[-58.34,-34.633],[-58.338,-34.634],[-58.337,-34.633],[-58.336,-34.633],[-58.336,-34.634],[-58.334,-34.634],[-58.333,-34.636],[-58.333,-34.638],[-58.333,-34.64],[-58.333,-34.644],[-58.327,-34.649],[-58.325,-34.651]]],"type":"Polygon"}},{"type":"Feature","properties":{"name":"San Isidro","zone":"GBA1"},"geometry":{"coordinates":[[[-58.48,-34.489],[-58.481,-34.489],[-58.481,-34.49],[-58.484,-34.492],[-58.485,-34.492],[-58.491,-34.495],[-58.492,-34.495],[-58.506,-34.502],[-58.516,-34.506],[-58.524,-34.509],[-58.531,-34.513],[-58.531,-34.514],[-58.532,-34.515],[-58.534,-34.516],[-58.537,-34.519],[-58.539,-34.517],[-58.543,-34.521],[-58.547,-34.524],[-58.554,-34.53],[-58.564,-34.521],[-58.569,-34.517],[-58.589,-34.5],[-58.596,-34.494],[-58.6,-34.49],[-58.6,-34.489],[-58.594,-34.486],[-58.586,-34.482],[-58.585,-34.48],[-58.583,-34.479],[-58.579,-34.477],[-58.579,-34.478],[-58.578,-34.476],[-58.575,-34.476],[-58.557,-34.467],[-58.555,-34.466],[-58.547,-34.462],[-58.536,-34.457],[-58.535,-34.456],[-58.531,-34.454],[-58.528,-34.452],[-58.523,-34.45],[-58.517,-34.447],[-58.514,-34.446],[-58.511,-34.446],[-58.508,-34.446],[-58.507,-34.448],[-58.507,-34.451],[-58.505,-34.453],[-58.503,-34.455],[-58.503,-34.457],[-58.502,-34.459],[-58.5,-34.461],[-58.496,-34.463],[-58.493,-34.464],[-58.493,-34.466],[-58.492,-34.467],[-58.493,-34.468],[-58.493,-34.47],[-58.492,-34.471],[-58.491,-34.471],[-58.49,-34.472],[-58.489,-34.472],[-58.487,-34.473],[-58.487,-34.474],[-58.486,-34.475],[-58.485,-34.476],[-58.483,-34.478],[-58.483,-34.479],[-58.482,-34.478],[-58.482,-34.479],[-58.482,-34.48],[-58.482,-34.482],[-58.481,-34.482],[-58.481,-34.483],[-58.48,-34.484],[-58.48,-34.485],[-58.481,-34.487],[-58.48,-34.488],[-58.48,-34.489]]],"type":"Polygon"}},{"type":"Feature","properties":{"name":"Tigre","zone":"GBA2"},"geometry":{"coordinates":[[[-58.51,-34.304],[-58.51,-34.309],[-58.504,-34.314],[-58.495,-34.324],[-58.485,-34.335],[-58.478,-34.349],[-58.472,-34.36],[-58.464,-34.37],[-58.46,-34.377],[-58.455,-34.386],[-58.455,-34.388],[-58.46,-34.384],[-58.461,-34.379],[-58.465,-34.375],[-58.466,-34.378],[-58.464,-34.381],[-58.466,-34.386],[-58.47,-34.385],[-58.473,-34.382],[-58.476,-34.384],[-58.483,-34.385],[-58.484,-34.389],[-58.483,-34.39],[-58.485,-34.392],[-58.487,-34.395],[-58.49,-34.398],[-58.493,-34.4],[-58.492,-34.402],[-58.494,-34.404],[-58.495,-34.407],[-58.496,-34.408],[-58.504,-34.406],[-58.505,-34.408],[-58.504,-34.413],[-58.503,-34.417],[-58.503,-34.42],[-58.505,-34.419],[-58.508,-34.419],[-58.511,-34.419],[-58.509,-34.423],[-58.51,-34.425],[-58.509,-34.429],[-58.51,-34.432],[-58.512,-34.435],[-58.514,-34.438],[-58.514,-34.446],[-58.517,-34.447],[-58.518,-34.447],[-58.518,-34.446],[-58.521,-34.445],[-58.523,-34.444],[-58.524,-34.444],[-58.526,-34.443],[-58.529,-34.442],[-58.532,-34.441],[-58.534,-34.44],[-58.536,-34.439],[-58.538,-34.438],[-58.54,-34.436],[-58.541,-34.435],[-58.542,-34.433],[-58.545,-34.431],[-58.547,-34.431],[-58.55,-34.431],[-58.553,-34.429],[-58.555,-34.428],[-58.557,-34.426],[-58.559,-34.424],[-58.559,-34.425],[-58.559,-34.427],[-58.559,-34.428],[-58.561,-34.43],[-58.562,-34.431],[-58.566,-34.434],[-58.569,-34.436],[-58.573,-34.439],[-58.58,-34.445],[-58.595,-34.448],[-58.595,-34.449],[-58.595,-34.45],[-58.594,-34.45],[-58.594,-34.451],[-58.594,-34.452],[-58.594,-34.453],[-58.595,-34.454],[-58.595,-34.455],[-58.595,-34.456],[-58.595,-34.457],[-58.595,-34.458],[-58.595,-34.459],[-58.595,-34.46],[-58.595,-34.461],[-58.596,-34.462],[-58.597,-34.462],[-58.598,-34.463],[-58.599,-34.464],[-58.599,-34.466],[-58.599,-34.467],[-58.599,-34.468],[-58.6,-34.468],[-58.6,-34.469],[-58.6,-34.47],[-58.599,-34.471],[-58.599,-34.472],[-58.599,-34.473],[-58.6,-34.473],[-58.6,-34.474],[-58.601,-34.474],[-58.601,-34.475],[-58.601,-34.476],[-58.602,-34.476],[-58.602,-34.477],[-58.602,-34.478],[-58.603,-34.479],[-58.604,-34.479],[-58.605,-34.48],[-58.606,-34.48],[-58.607,-34.48],[-58.607,-34.481],[-58.606,-34.481],[-58.605,-34.482],[-58.604,-34.483],[-58.603,-34.484],[-58.602,-34.484],[-58.601,-34.484],[-58.6,-34.485],[-58.599,-34.486],[-58.599,-34.487],[-58.599,-34.488],[-58.6,-34.488],[-58.6,-34.489],[-58.6,-34.49],[-58.601,-34.491],[-58.601,-34.492],[-58.601,-34.493],[-58.601,-34.494],[-58.6,-34.494],[-58.599,-34.495],[-58.599,-34.496],[-58.599,-34.497],[-58.598,-34.499],[-58.599,-34.499],[-58.599,-34.5],[-58.6,-34.501],[-58.6,-34.502],[-58.601,-34.503],[-58.601,-34.504],[-58.601,-34.505],[-58.601,-34.506],[-58.602,-34.506],[-58.602,-34.507],[-58.602,-34.508],[-58.602,-34.509],[-58.603,-34.509],[-58.602,-34.51],[-58.602,-34.511],[-58.603,-34.511],[-58.603,-34.512],[-58.603,-34.513],[-58.603,-34.514],[-58.602,-34.515],[-58.602,-34.516],[-58.602,-34.517],[-58.602,-34.518],[-58.602,-34.519],[-58.601,-34.52],[-58.601,-34.521],[-58.602,-34.522],[-58.603,-34.523],[-58.604,-34.524],[-58.604,-34.525],[-58.604,-34.526],[-58.605,-34.526],[-58.605,-34.527],[-58.605,-34.528],[-58.605,-34.529],[-58.605,-34.53],[-58.605,-34.532],[-58.605,-34.533],[-58.606,-34.534],[-58.646,-34.502],[-58.678,-34.475],[-58.706,-34.439],[-58.734,-34.402],[-58.715,-34.392],[-58.716,-34.392],[-58.718,-34.391],[-58.719,-34.39],[-58.718,-34.39],[-58.717,-34.39],[-58.716,-34.39],[-58.716,-34.389],[-58.715,-34.389],[-58.715,-34.388],[-58.714,-34.388],[-58.705,-34.373],[-58.721,-34.365],[-58.72,-34.363],[-58.72,-34.362],[-58.719,-34.362],[-58.713,-34.359],[-58.69,-34.347],[-58.689,-34.348],[-58.688,-34.349],[-58.687,-34.35],[-58.687,-34.351],[-58.686,-34.351],[-58.685,-34.351],[-58.684,-34.35],[-58.682,-34.349],[-58.681,-34.347],[-58.68,-34.346],[-58.68,-34.345],[-58.679,-34.345],[-58.679,-34.344],[-58.679,-34.343],[-58.678,-34.342],[-58.678,-34.341],[-58.678,-34.34],[-58.676,-34.337],[-58.675,-34.333],[-58.675,-34.331],[-58.674,-34.329],[-58.674,-34.328],[-58.673,-34.326],[-58.673,-34.325],[-58.672,-34.322],[-58.671,-34.319],[-58.67,-34.317],[-58.669,-34.314],[-58.669,-34.312],[-58.667,-34.309],[-58.667,-34.307],[-58.666,-34.305],[-58.665,-34.301],[-58.664,-34.299],[-58.663,-34.297],[-58.662,-34.295],[-58.661,-34.293],[-58.661,-34.291],[-58.661,-34.29],[-58.66,-34.288],[-58.659,-34.287],[-58.659,-34.285],[-58.658,-34.284],[-58.658,-34.283],[-58.657,-34.282],[-58.657,-34.28],[-58.657,-34.279],[-58.656,-34.278],[-58.656,-34.277],[-58.655,-34.275],[-58.655,-34.274],[-58.655,-34.273],[-58.654,-34.272],[-58.653,-34.271],[-58.653,-34.27],[-58.652,-34.27],[-58.651,-34.269],[-58.651,-34.268],[-58.649,-34.267],[-58.648,-34.266],[-58.646,-34.267],[-58.643,-34.267],[-58.639,-34.268],[-58.636,-34.268],[-58.632,-34.269],[-58.629,-34.27],[-58.625,-34.271],[-58.621,-34.271],[-58.617,-34.272],[-58.613,-34.273],[-58.609,-34.274],[-58.606,-34.275],[-58.602,-34.276],[-58.599,-34.277],[-58.596,-34.278],[-58.592,-34.279],[-58.588,-34.28],[-58.585,-34.281],[-58.584,-34.282],[-58.564,-34.291],[-58.545,-34.3],[-58.523,-34.299],[-58.51,-34.304]]],"type":"Polygon"}},{"type":"Feature","properties":{"name":"Berisso","zone":"GBA3"},"geometry":{"coordinates":[[[-57.708,-34.93],[-57.709,-34.931],[-57.724,-34.945],[-57.735,-34.955],[-57.753,-34.971],[-57.771,-34.957],[-57.778,-34.96],[-57.78,-34.961],[-57.785,-34.963],[-57.803,-34.964],[-57.804,-34.964],[-57.841,-34.949],[-57.842,-34.949],[-57.862,-34.938],[-57.872,-34.938],[-57.884,-34.933],[-57.885,-34.933],[-57.891,-34.932],[-57.896,-34.93],[-57.903,-34.925],[-57.904,-34.924],[-57.905,-34.924],[-57.905,-34.923],[-57.917,-34.915],[-57.932,-34.904],[-57.901,-34.875],[-57.888,-34.851],[-57.877,-34.829],[-57.876,-34.827],[-57.874,-34.826],[-57.872,-34.831],[-57.869,-34.835],[-57.864,-34.84],[-57.854,-34.846],[-57.843,-34.853],[-57.829,-34.861],[-57.824,-34.865],[-57.821,-34.867],[-57.817,-34.868],[-57.815,-34.87],[-57.811,-34.872],[-57.808,-34.874],[-57.805,-34.877],[-57.801,-34.879],[-57.799,-34.882],[-57.795,-34.885],[-57.792,-34.887],[-57.789,-34.89],[-57.787,-34.892],[-57.785,-34.893],[-57.781,-34.895],[-57.779,-34.897],[-57.776,-34.899],[-57.771,-34.901],[-57.768,-34.904],[-57.765,-34.906],[-57.762,-34.907],[-57.758,-34.909],[-57.755,-34.911],[-57.752,-34.913],[-57.749,-34.914],[-57.746,-34.916],[-57.743,-34.917],[-57.74,-34.918],[-57.738,-34.92],[-57.73,-34.923],[-57.727,-34.925],[-57.719,-34.928],[-57.714,-34.929],[-57.708,-34.93]]],"type":"Polygon"}},{"type":"Feature","properties":{"name":"San Fernando","zone":"GBA1"},"geometry":{"type":"MultiPolygon","coordinates":[[[[-58.578,-34.476],[-58.579,-34.478],[-58.579,-34.477],[-58.583,-34.479],[-58.585,-34.48],[-58.586,-34.482],[-58.594,-34.486],[-58.6,-34.489],[-58.6,-34.488],[-58.599,-34.488],[-58.599,-34.487],[-58.599,-34.486],[-58.6,-34.485],[-58.601,-34.484],[-58.602,-34.484],[-58.603,-34.484],[-58.604,-34.483],[-58.605,-34.482],[-58.606,-34.481],[-58.607,-34.481],[-58.607,-34.48],[-58.606,-34.48],[-58.605,-34.48],[-58.604,-34.479],[-58.603,-34.479],[-58.602,-34.478],[-58.602,-34.477],[-58.602,-34.476],[-58.601,-34.476],[-58.601,-34.475],[-58.601,-34.474],[-58.6,-34.474],[-58.6,-34.473],[-58.599,-34.473],[-58.599,-34.472],[-58.599,-34.471],[-58.6,-34.47],[-58.6,-34.469],[-58.6,-34.468],[-58.599,-34.468],[-58.599,-34.467],[-58.599,-34.466],[-58.599,-34.464],[-58.598,-34.463],[-58.597,-34.462],[-58.596,-34.462],[-58.595,-34.461],[-58.595,-34.46],[-58.595,-34.459],[-58.595,-34.458],[-58.595,-34.457],[-58.595,-34.456],[-58.595,-34.455],[-58.595,-34.454],[-58.594,-34.453],[-58.594,-34.452],[-58.594,-34.451],[-58.594,-34.45],[-58.595,-34.45],[-58.595,-34.449],[-58.595,-34.448],[-58.58,-34.445],[-58.573,-34.439],[-58.569,-34.436],[-58.566,-34.434],[-58.562,-34.431],[-58.561,-34.43],[-58.559,-34.428],[-58.559,-34.427],[-58.559,-34.425],[-58.559,-34.424],[-58.557,-34.426],[-58.555,-34.428],[-58.553,-34.429],[-58.55,-34.431],[-58.547,-34.431],[-58.545,-34.431],[-58.542,-34.433],[-58.541,-34.435],[-58.54,-34.436],[-58.538,-34.438],[-58.536,-34.439],[-58.534,-34.44],[-58.532,-34.441],[-58.529,-34.442],[-58.526,-34.443],[-58.524,-34.444],[-58.523,-34.444],[-58.521,-34.445],[-58.518,-34.446],[-58.518,-34.447],[-58.517,-34.447],[-58.523,-34.45],[-58.528,-34.452],[-58.531,-34.454],[-58.535,-34.456],[-58.536,-34.457],[-58.547,-34.462],[-58.555,-34.466],[-58.557,-34.467],[-58.575,-34.476],[-58.578,-34.476]]]]}},{"type":"Feature","properties":{"name":"Campana","zone":"GBA3"},"geometry":{"coordinates":[[[-58.675,-34.026],[-58.676,-34.026],[-58.683,-34.029],[-58.693,-34.034],[-58.713,-34.042],[-58.719,-34.045],[-58.725,-34.048],[-58.729,-34.049],[-58.732,-34.051],[-58.733,-34.051],[-58.735,-34.052],[-58.741,-34.055],[-58.745,-34.056],[-58.747,-34.058],[-58.749,-34.059],[-58.751,-34.059],[-58.753,-34.06],[-58.757,-34.062],[-58.759,-34.063],[-58.76,-34.063],[-58.761,-34.064],[-58.763,-34.065],[-58.765,-34.066],[-58.767,-34.066],[-58.77,-34.068],[-58.774,-34.069],[-58.775,-34.07],[-58.778,-34.071],[-58.781,-34.073],[-58.782,-34.073],[-58.785,-34.074],[-58.787,-34.075],[-58.789,-34.076],[-58.791,-34.077],[-58.792,-34.078],[-58.793,-34.078],[-58.794,-34.078],[-58.795,-34.079],[-58.796,-34.079],[-58.797,-34.079],[-58.798,-34.079],[-58.799,-34.08],[-58.8,-34.08],[-58.801,-34.08],[-58.802,-34.08],[-58.803,-34.08],[-58.804,-34.081],[-58.805,-34.081],[-58.805,-34.083],[-58.805,-34.084],[-58.805,-34.086],[-58.805,-34.088],[-58.804,-34.089],[-58.804,-34.09],[-58.803,-34.091],[-58.802,-34.092],[-58.801,-34.093],[-58.8,-34.094],[-58.799,-34.095],[-58.798,-34.096],[-58.796,-34.097],[-58.795,-34.098],[-58.794,-34.098],[-58.793,-34.099],[-58.792,-34.1],[-58.792,-34.101],[-58.791,-34.102],[-58.79,-34.103],[-58.789,-34.104],[-58.788,-34.104],[-58.788,-34.105],[-58.787,-34.106],[-58.786,-34.107],[-58.785,-34.108],[-58.784,-34.109],[-58.784,-34.11],[-58.783,-34.11],[-58.781,-34.112],[-58.78,-34.113],[-58.779,-34.114],[-58.778,-34.115],[-58.777,-34.116],[-58.776,-34.117],[-58.775,-34.118],[-58.774,-34.119],[-58.773,-34.12],[-58.772,-34.121],[-58.77,-34.122],[-58.769,-34.123],[-58.767,-34.124],[-58.766,-34.125],[-58.765,-34.126],[-58.764,-34.126],[-58.764,-34.127],[-58.765,-34.128],[-58.765,-34.129],[-58.768,-34.131],[-58.768,-34.132],[-58.768,-34.133],[-58.768,-34.134],[-58.767,-34.135],[-58.766,-34.138],[-58.766,-34.14],[-58.765,-34.142],[-58.764,-34.145],[-58.763,-34.147],[-58.763,-34.148],[-58.761,-34.15],[-58.76,-34.151],[-58.758,-34.152],[-58.757,-34.152],[-58.755,-34.153],[-58.754,-34.153],[-58.753,-34.154],[-58.751,-34.154],[-58.75,-34.154],[-58.748,-34.154],[-58.747,-34.154],[-58.747,-34.155],[-58.746,-34.155],[-58.747,-34.158],[-58.747,-34.16],[-58.747,-34.161],[-58.747,-34.163],[-58.747,-34.164],[-58.747,-34.165],[-58.747,-34.166],[-58.746,-34.166],[-58.745,-34.166],[-58.744,-34.166],[-58.743,-34.167],[-58.742,-34.167],[-58.741,-34.167],[-58.74,-34.168],[-58.739,-34.168],[-58.737,-34.168],[-58.736,-34.169],[-58.735,-34.169],[-58.734,-34.169],[-58.733,-34.169],[-58.732,-34.169],[-58.731,-34.169],[-58.73,-34.169],[-58.728,-34.169],[-58.727,-34.169],[-58.725,-34.169],[-58.724,-34.169],[-58.723,-34.169],[-58.721,-34.169],[-58.72,-34.169],[-58.719,-34.169],[-58.718,-34.169],[-58.717,-34.169],[-58.715,-34.169],[-58.713,-34.17],[-58.712,-34.17],[-58.71,-34.171],[-58.709,-34.171],[-58.708,-34.171],[-58.706,-34.171],[-58.705,-34.172],[-58.703,-34.172],[-58.702,-34.172],[-58.701,-34.172],[-58.7,-34.172],[-58.698,-34.172],[-58.697,-34.172],[-58.696,-34.172],[-58.695,-34.172],[-58.694,-34.172],[-58.693,-34.172],[-58.692,-34.172],[-58.692,-34.173],[-58.692,-34.174],[-58.693,-34.175],[-58.693,-34.176],[-58.693,-34.177],[-58.693,-34.178],[-58.693,-34.179],[-58.693,-34.18],[-58.693,-34.181],[-58.694,-34.182],[-58.694,-34.183],[-58.694,-34.184],[-58.694,-34.185],[-58.695,-34.186],[-58.695,-34.187],[-58.695,-34.188],[-58.695,-34.189],[-58.695,-34.19],[-58.695,-34.191],[-58.694,-34.191],[-58.694,-34.192],[-58.694,-34.194],[-58.694,-34.195],[-58.694,-34.196],[-58.694,-34.197],[-58.694,-34.198],[-58.694,-34.199],[-58.694,-34.2],[-58.695,-34.201],[-58.695,-34.202],[-58.695,-34.203],[-58.696,-34.203],[-58.696,-34.204],[-58.696,-34.205],[-58.697,-34.205],[-58.697,-34.206],[-58.697,-34.207],[-58.698,-34.207],[-58.698,-34.208],[-58.698,-34.209],[-58.699,-34.21],[-58.699,-34.211],[-58.7,-34.211],[-58.7,-34.212],[-58.701,-34.212],[-58.701,-34.213],[-58.702,-34.214],[-58.703,-34.214],[-58.703,-34.215],[-58.704,-34.215],[-58.705,-34.216],[-58.706,-34.216],[-58.706,-34.217],[-58.707,-34.217],[-58.708,-34.217],[-58.709,-34.218],[-58.71,-34.218],[-58.71,-34.219],[-58.711,-34.219],[-58.711,-34.22],[-58.711,-34.221],[-58.711,-34.222],[-58.711,-34.223],[-58.71,-34.224],[-58.71,-34.225],[-58.71,-34.226],[-58.71,-34.227],[-58.71,-34.228],[-58.71,-34.229],[-58.71,-34.23],[-58.71,-34.231],[-58.71,-34.232],[-58.71,-34.234],[-58.711,-34.235],[-58.711,-34.236],[-58.711,-34.237],[-58.711,-34.238],[-58.711,-34.239],[-58.711,-34.24],[-58.711,-34.241],[-58.711,-34.242],[-58.712,-34.242],[-58.712,-34.243],[-58.712,-34.244],[-58.712,-34.245],[-58.712,-34.246],[-58.712,-34.248],[-58.711,-34.248],[-58.712,-34.248],[-58.715,-34.248],[-58.719,-34.247],[-58.724,-34.246],[-58.728,-34.245],[-58.733,-34.245],[-58.737,-34.244],[-58.742,-34.243],[-58.747,-34.242],[-58.751,-34.242],[-58.751,-34.241],[-58.753,-34.241],[-58.754,-34.241],[-58.756,-34.24],[-58.757,-34.24],[-58.758,-34.24],[-58.759,-34.239],[-58.761,-34.239],[-58.763,-34.239],[-58.764,-34.238],[-58.765,-34.238],[-58.767,-34.238],[-58.769,-34.237],[-58.771,-34.237],[-58.773,-34.237],[-58.775,-34.236],[-58.777,-34.236],[-58.779,-34.235],[-58.781,-34.234],[-58.784,-34.233],[-58.786,-34.233],[-58.788,-34.232],[-58.791,-34.231],[-58.793,-34.23],[-58.794,-34.229],[-58.796,-34.23],[-58.796,-34.231],[-58.797,-34.231],[-58.798,-34.231],[-58.799,-34.231],[-58.799,-34.232],[-58.799,-34.233],[-58.8,-34.233],[-58.8,-34.234],[-58.801,-34.235],[-58.802,-34.235],[-58.802,-34.236],[-58.803,-34.236],[-58.803,-34.237],[-58.803,-34.238],[-58.802,-34.238],[-58.802,-34.239],[-58.801,-34.24],[-58.8,-34.241],[-58.8,-34.242],[-58.799,-34.243],[-58.798,-34.244],[-58.797,-34.244],[-58.797,-34.245],[-58.796,-34.246],[-58.795,-34.247],[-58.795,-34.248],[-58.794,-34.248],[-58.794,-34.249],[-58.794,-34.25],[-58.794,-34.251],[-58.793,-34.252],[-58.793,-34.253],[-58.792,-34.253],[-58.791,-34.254],[-58.79,-34.254],[-58.789,-34.254],[-58.789,-34.255],[-58.788,-34.255],[-58.788,-34.256],[-58.787,-34.257],[-58.787,-34.258],[-58.787,-34.259],[-58.787,-34.26],[-58.786,-34.26],[-58.786,-34.261],[-58.786,-34.262],[-58.785,-34.262],[-58.785,-34.263],[-58.785,-34.264],[-58.784,-34.265],[-58.784,-34.266],[-58.783,-34.266],[-58.782,-34.267],[-58.782,-34.268],[-58.781,-34.269],[-58.781,-34.27],[-58.781,-34.271],[-58.78,-34.272],[-58.779,-34.272],[-58.778,-34.272],[-58.778,-34.273],[-58.777,-34.273],[-58.777,-34.274],[-58.776,-34.274],[-58.776,-34.275],[-58.776,-34.277],[-58.775,-34.278],[-58.775,-34.279],[-58.775,-34.28],[-58.775,-34.281],[-58.775,-34.282],[-58.775,-34.283],[-58.775,-34.284],[-58.776,-34.285],[-58.777,-34.286],[-58.778,-34.286],[-58.779,-34.286],[-58.78,-34.286],[-58.781,-34.286],[-58.782,-34.286],[-58.782,-34.285],[-58.783,-34.285],[-58.784,-34.285],[-58.786,-34.284],[-58.786,-34.283],[-58.787,-34.283],[-58.788,-34.283],[-58.789,-34.283],[-58.79,-34.283],[-58.791,-34.282],[-58.792,-34.282],[-58.792,-34.281],[-58.793,-34.281],[-58.793,-34.28],[-58.794,-34.28],[-58.795,-34.279],[-58.796,-34.278],[-58.797,-34.278],[-58.797,-34.277],[-58.798,-34.277],[-58.799,-34.277],[-58.8,-34.277],[-58.8,-34.278],[-58.8,-34.279],[-58.801,-34.279],[-58.802,-34.279],[-58.802,-34.28],[-58.803,-34.28],[-58.803,-34.281],[-58.804,-34.281],[-58.805,-34.281],[-58.806,-34.281],[-58.807,-34.281],[-58.808,-34.282],[-58.809,-34.281],[-58.81,-34.281],[-58.811,-34.28],[-58.811,-34.279],[-58.812,-34.279],[-58.813,-34.278],[-58.814,-34.278],[-58.815,-34.278],[-58.815,-34.277],[-58.816,-34.277],[-58.817,-34.277],[-58.817,-34.276],[-58.818,-34.276],[-58.819,-34.276],[-58.819,-34.275],[-58.82,-34.275],[-58.821,-34.275],[-58.821,-34.274],[-58.822,-34.274],[-58.823,-34.274],[-58.823,-34.273],[-58.822,-34.273],[-58.823,-34.272],[-58.823,-34.273],[-58.824,-34.273],[-58.824,-34.274],[-58.825,-34.274],[-58.826,-34.274],[-58.827,-34.274],[-58.827,-34.275],[-58.828,-34.275],[-58.829,-34.275],[-58.83,-34.275],[-58.831,-34.274],[-58.832,-34.274],[-58.833,-34.273],[-58.834,-34.272],[-58.835,-34.272],[-58.836,-34.272],[-58.836,-34.271],[-58.837,-34.271],[-58.838,-34.271],[-58.838,-34.27],[-58.839,-34.27],[-58.839,-34.269],[-58.84,-34.269],[-58.84,-34.268],[-58.841,-34.268],[-58.841,-34.269],[-58.842,-34.269],[-58.842,-34.27],[-58.843,-34.27],[-58.843,-34.269],[-58.844,-34.269],[-58.844,-34.27],[-58.845,-34.27],[-58.845,-34.269],[-58.846,-34.269],[-58.847,-34.268],[-58.848,-34.267],[-58.849,-34.267],[-58.849,-34.266],[-58.85,-34.265],[-58.85,-34.264],[-58.851,-34.264],[-58.852,-34.264],[-58.853,-34.263],[-58.854,-34.263],[-58.855,-34.263],[-58.856,-34.262],[-58.857,-34.262],[-58.858,-34.262],[-58.859,-34.263],[-58.86,-34.264],[-58.861,-34.264],[-58.862,-34.264],[-58.863,-34.264],[-58.863,-34.265],[-58.864,-34.266],[-58.865,-34.267],[-58.864,-34.267],[-58.863,-34.268],[-58.863,-34.269],[-58.863,-34.27],[-58.863,-34.271],[-58.862,-34.271],[-58.862,-34.272],[-58.861,-34.272],[-58.86,-34.273],[-58.86,-34.274],[-58.861,-34.274],[-58.862,-34.274],[-58.863,-34.274],[-58.863,-34.275],[-58.863,-34.276],[-58.863,-34.277],[-58.864,-34.277],[-58.865,-34.278],[-58.865,-34.277],[-58.866,-34.277],[-58.867,-34.277],[-58.867,-34.276],[-58.868,-34.276],[-58.868,-34.275],[-58.869,-34.275],[-58.869,-34.274],[-58.87,-34.274],[-58.87,-34.273],[-58.871,-34.273],[-58.872,-34.273],[-58.872,-34.274],[-58.873,-34.274],[-58.874,-34.274],[-58.875,-34.274],[-58.875,-34.273],[-58.876,-34.273],[-58.876,-34.274],[-58.875,-34.275],[-58.875,-34.276],[-58.876,-34.275],[-58.877,-34.275],[-58.877,-34.274],[-58.878,-34.275],[-58.877,-34.276],[-58.877,-34.277],[-58.876,-34.277],[-58.877,-34.277],[-58.877,-34.278],[-58.878,-34.277],[-58.879,-34.277],[-58.879,-34.278],[-58.878,-34.278],[-58.878,-34.279],[-58.877,-34.279],[-58.877,-34.28],[-58.878,-34.281],[-58.878,-34.28],[-58.879,-34.28],[-58.879,-34.281],[-58.88,-34.281],[-58.88,-34.282],[-58.881,-34.283],[-58.881,-34.284],[-58.88,-34.284],[-58.879,-34.284],[-58.878,-34.284],[-58.877,-34.284],[-58.877,-34.285],[-58.878,-34.285],[-58.879,-34.285],[-58.88,-34.286],[-58.88,-34.287],[-58.879,-34.287],[-58.879,-34.288],[-58.88,-34.289],[-58.881,-34.289],[-58.881,-34.288],[-58.881,-34.287],[-58.881,-34.286],[-58.882,-34.286],[-58.883,-34.286],[-58.883,-34.287],[-58.883,-34.288],[-58.882,-34.288],[-58.883,-34.289],[-58.883,-34.29],[-58.882,-34.29],[-58.882,-34.291],[-58.881,-34.291],[-58.88,-34.291],[-58.879,-34.291],[-58.878,-34.291],[-58.878,-34.292],[-58.879,-34.292],[-58.88,-34.292],[-58.881,-34.293],[-58.881,-34.294],[-58.882,-34.295],[-58.882,-34.296],[-58.881,-34.296],[-58.881,-34.297],[-58.881,-34.298],[-58.882,-34.298],[-58.882,-34.299],[-58.883,-34.299],[-58.883,-34.298],[-58.884,-34.298],[-58.884,-34.299],[-58.885,-34.299],[-58.885,-34.3],[-58.885,-34.301],[-58.886,-34.301],[-58.887,-34.301],[-58.887,-34.3],[-58.888,-34.3],[-58.889,-34.3],[-58.889,-34.301],[-58.89,-34.301],[-58.89,-34.302],[-58.889,-34.302],[-58.888,-34.302],[-58.888,-34.303],[-58.889,-34.303],[-58.889,-34.304],[-58.889,-34.305],[-58.89,-34.305],[-58.89,-34.304],[-58.891,-34.304],[-58.891,-34.303],[-58.892,-34.304],[-58.893,-34.304],[-58.894,-34.304],[-58.894,-34.305],[-58.893,-34.305],[-58.892,-34.305],[-58.892,-34.306],[-58.893,-34.306],[-58.894,-34.306],[-58.894,-34.307],[-58.895,-34.307],[-58.896,-34.307],[-58.897,-34.307],[-58.898,-34.307],[-58.899,-34.307],[-58.899,-34.308],[-58.898,-34.308],[-58.899,-34.308],[-58.9,-34.308],[-58.901,-34.309],[-58.9,-34.309],[-58.9,-34.31],[-58.901,-34.31],[-58.901,-34.311],[-58.901,-34.31],[-58.902,-34.31],[-58.902,-34.309],[-58.903,-34.309],[-58.904,-34.309],[-58.903,-34.309],[-58.903,-34.31],[-58.902,-34.311],[-58.903,-34.311],[-58.904,-34.311],[-58.905,-34.311],[-58.905,-34.312],[-58.906,-34.313],[-58.907,-34.313],[-58.907,-34.312],[-58.908,-34.312],[-58.908,-34.313],[-58.908,-34.314],[-58.908,-34.315],[-58.908,-34.316],[-58.909,-34.316],[-58.91,-34.316],[-58.91,-34.317],[-58.911,-34.317],[-58.91,-34.318],[-58.909,-34.318],[-58.909,-34.319],[-58.909,-34.32],[-58.91,-34.32],[-58.911,-34.32],[-58.912,-34.321],[-58.913,-34.321],[-58.913,-34.32],[-58.914,-34.32],[-58.915,-34.32],[-58.915,-34.321],[-58.914,-34.322],[-58.914,-34.323],[-58.914,-34.324],[-58.913,-34.324],[-58.913,-34.325],[-58.912,-34.325],[-58.912,-34.326],[-58.913,-34.326],[-58.914,-34.326],[-58.915,-34.325],[-58.916,-34.325],[-58.917,-34.325],[-58.917,-34.326],[-58.917,-34.327],[-58.917,-34.328],[-58.917,-34.329],[-58.917,-34.33],[-58.916,-34.33],[-58.916,-34.331],[-58.916,-34.332],[-58.916,-34.333],[-58.917,-34.333],[-58.918,-34.333],[-58.918,-34.334],[-58.918,-34.335],[-58.917,-34.335],[-58.916,-34.335],[-58.915,-34.335],[-58.914,-34.336],[-58.915,-34.337],[-58.916,-34.338],[-58.916,-34.339],[-58.917,-34.339],[-58.918,-34.339],[-58.918,-34.34],[-58.917,-34.34],[-58.917,-34.341],[-58.917,-34.342],[-58.917,-34.343],[-58.917,-34.344],[-58.916,-34.344],[-58.915,-34.344],[-58.914,-34.344],[-58.914,-34.345],[-58.914,-34.346],[-58.915,-34.346],[-58.916,-34.346],[-58.916,-34.347],[-58.916,-34.348],[-58.915,-34.348],[-58.915,-34.349],[-58.915,-34.35],[-58.916,-34.35],[-58.917,-34.35],[-58.917,-34.351],[-58.918,-34.351],[-58.918,-34.352],[-58.918,-34.353],[-58.917,-34.353],[-58.916,-34.353],[-58.916,-34.354],[-58.915,-34.354],[-58.915,-34.355],[-58.915,-34.356],[-58.916,-34.356],[-58.916,-34.357],[-58.915,-34.357],[-58.914,-34.357],[-58.913,-34.357],[-58.913,-34.358],[-58.912,-34.358],[-58.911,-34.358],[-58.911,-34.359],[-58.91,-34.359],[-58.909,-34.359],[-58.908,-34.359],[-58.908,-34.36],[-58.909,-34.36],[-58.909,-34.361],[-58.908,-34.362],[-58.909,-34.363],[-58.91,-34.364],[-58.91,-34.363],[-58.911,-34.363],[-58.912,-34.363],[-58.912,-34.364],[-58.912,-34.365],[-58.911,-34.365],[-58.912,-34.366],[-58.913,-34.366],[-58.913,-34.367],[-58.914,-34.367],[-58.914,-34.366],[-58.915,-34.366],[-58.916,-34.366],[-58.917,-34.367],[-58.918,-34.367],[-58.918,-34.368],[-58.917,-34.368],[-58.917,-34.369],[-58.917,-34.37],[-58.918,-34.37],[-58.918,-34.371],[-58.919,-34.371],[-58.92,-34.371],[-58.921,-34.371],[-58.921,-34.372],[-58.92,-34.372],[-58.919,-34.372],[-58.918,-34.372],[-58.918,-34.373],[-58.919,-34.373],[-58.919,-34.374],[-58.919,-34.375],[-58.918,-34.375],[-58.919,-34.376],[-58.918,-34.377],[-58.919,-34.377],[-58.919,-34.378],[-58.919,-34.379],[-58.918,-34.38],[-58.917,-34.38],[-58.917,-34.381],[-58.918,-34.381],[-58.919,-34.381],[-58.919,-34.38],[-58.92,-34.38],[-58.92,-34.381],[-58.93,-34.369],[-58.94,-34.358],[-58.944,-34.361],[-58.945,-34.359],[-58.96,-34.342],[-58.978,-34.32],[-58.982,-34.322],[-58.989,-34.316],[-58.99,-34.315],[-58.993,-34.313],[-58.994,-34.312],[-59.015,-34.295],[-59.015,-34.294],[-59.015,-34.293],[-59.015,-34.292],[-59.014,-34.292],[-59.014,-34.291],[-59.015,-34.291],[-59.016,-34.29],[-59.016,-34.289],[-59.038,-34.27],[-59.037,-34.27],[-59.036,-34.269],[-59.036,-34.268],[-59.062,-34.248],[-59.058,-34.241],[-59.078,-34.225],[-59.086,-34.227],[-59.087,-34.227],[-59.092,-34.228],[-59.099,-34.221],[-59.106,-34.214],[-59.103,-34.2],[-59.102,-34.198],[-58.984,-34.135],[-58.983,-34.134],[-58.981,-34.133],[-58.98,-34.132],[-58.977,-34.132],[-58.976,-34.131],[-58.975,-34.13],[-58.974,-34.13],[-58.973,-34.129],[-58.973,-34.127],[-58.972,-34.126],[-58.972,-34.124],[-58.972,-34.123],[-58.973,-34.121],[-58.973,-34.119],[-58.974,-34.118],[-58.975,-34.116],[-58.977,-34.114],[-58.978,-34.113],[-58.979,-34.112],[-58.981,-34.111],[-58.982,-34.11],[-58.984,-34.109],[-58.986,-34.109],[-58.989,-34.108],[-58.992,-34.107],[-58.995,-34.106],[-58.998,-34.105],[-59.001,-34.104],[-59.003,-34.104],[-59.003,-34.103],[-59.006,-34.102],[-59.007,-34.101],[-59.008,-34.101],[-59.009,-34.099],[-59.01,-34.099],[-59.003,-34.092],[-59.002,-34.09],[-59.001,-34.089],[-59.001,-34.088],[-59,-34.084],[-58.984,-34.026],[-58.98,-34.01],[-58.977,-34],[-58.97,-33.976],[-58.966,-33.961],[-58.965,-33.961],[-58.965,-33.962],[-58.964,-33.962],[-58.964,-33.963],[-58.963,-33.963],[-58.962,-33.963],[-58.961,-33.964],[-58.96,-33.964],[-58.959,-33.964],[-58.958,-33.964],[-58.957,-33.964],[-58.956,-33.964],[-58.955,-33.964],[-58.953,-33.964],[-58.952,-33.963],[-58.951,-33.963],[-58.949,-33.963],[-58.948,-33.962],[-58.947,-33.962],[-58.946,-33.962],[-58.945,-33.961],[-58.944,-33.961],[-58.943,-33.96],[-58.942,-33.96],[-58.941,-33.959],[-58.94,-33.959],[-58.939,-33.959],[-58.939,-33.958],[-58.938,-33.958],[-58.937,-33.958],[-58.936,-33.958],[-58.935,-33.958],[-58.934,-33.958],[-58.934,-33.957],[-58.933,-33.957],[-58.932,-33.957],[-58.931,-33.957],[-58.93,-33.957],[-58.928,-33.957],[-58.927,-33.957],[-58.926,-33.957],[-58.924,-33.958],[-58.923,-33.958],[-58.922,-33.958],[-58.921,-33.958],[-58.92,-33.958],[-58.919,-33.958],[-58.918,-33.958],[-58.917,-33.958],[-58.916,-33.958],[-58.915,-33.958],[-58.914,-33.958],[-58.913,-33.958],[-58.912,-33.958],[-58.911,-33.958],[-58.91,-33.957],[-58.909,-33.957],[-58.908,-33.957],[-58.907,-33.957],[-58.906,-33.957],[-58.905,-33.957],[-58.904,-33.957],[-58.903,-33.957],[-58.902,-33.957],[-58.901,-33.957],[-58.9,-33.957],[-58.899,-33.957],[-58.898,-33.957],[-58.897,-33.957],[-58.896,-33.957],[-58.895,-33.957],[-58.894,-33.957],[-58.893,-33.957],[-58.892,-33.957],[-58.891,-33.957],[-58.89,-33.957],[-58.889,-33.957],[-58.889,-33.958],[-58.888,-33.958],[-58.887,-33.958],[-58.886,-33.958],[-58.885,-33.958],[-58.884,-33.958],[-58.883,-33.958],[-58.882,-33.958],[-58.881,-33.958],[-58.88,-33.958],[-58.879,-33.958],[-58.878,-33.958],[-58.877,-33.958],[-58.876,-33.958],[-58.875,-33.958],[-58.874,-33.958],[-58.873,-33.958],[-58.872,-33.958],[-58.871,-33.958],[-58.87,-33.958],[-58.869,-33.958],[-58.868,-33.958],[-58.867,-33.958],[-58.866,-33.958],[-58.865,-33.958],[-58.864,-33.958],[-58.863,-33.958],[-58.862,-33.957],[-58.861,-33.957],[-58.86,-33.956],[-58.859,-33.956],[-58.858,-33.955],[-58.858,-33.954],[-58.857,-33.954],[-58.857,-33.953],[-58.856,-33.953],[-58.855,-33.952],[-58.854,-33.952],[-58.852,-33.949],[-58.85,-33.949],[-58.844,-33.951],[-58.839,-33.953],[-58.831,-33.955],[-58.826,-33.955],[-58.816,-33.955],[-58.808,-33.952],[-58.803,-33.95],[-58.79,-33.945],[-58.778,-33.943],[-58.772,-33.943],[-58.766,-33.944],[-58.764,-33.945],[-58.761,-33.947],[-58.758,-33.949],[-58.754,-33.951],[-58.749,-33.955],[-58.747,-33.958],[-58.743,-33.96],[-58.738,-33.964],[-58.734,-33.966],[-58.728,-33.973],[-58.724,-33.977],[-58.719,-33.982],[-58.716,-33.984],[-58.715,-33.986],[-58.712,-33.989],[-58.709,-33.992],[-58.705,-33.996],[-58.702,-34],[-58.698,-34.003],[-58.693,-34.009],[-58.69,-34.013],[-58.684,-34.019],[-58.679,-34.023],[-58.675,-34.025],[-58.675,-34.026]]],"type":"Polygon"}},{"type":"Feature","properties":{"name":"Zárate","zone":"GBA3"},"geometry":{"coordinates":[[[-59.168,-33.809],[-59.16,-33.824],[-59.152,-33.832],[-59.143,-33.839],[-59.139,-33.844],[-59.131,-33.848],[-59.12,-33.849],[-59.113,-33.848],[-59.1,-33.845],[-59.066,-33.833],[-59.055,-33.832],[-59.045,-33.835],[-59.04,-33.836],[-59.033,-33.842],[-59.033,-33.843],[-59.029,-33.846],[-59.025,-33.848],[-59.02,-33.849],[-59.015,-33.848],[-59.011,-33.845],[-59.006,-33.843],[-59.004,-33.842],[-59.001,-33.841],[-58.999,-33.841],[-58.995,-33.841],[-58.993,-33.842],[-58.991,-33.843],[-58.989,-33.846],[-58.987,-33.849],[-58.987,-33.852],[-58.986,-33.856],[-58.986,-33.859],[-58.987,-33.861],[-58.986,-33.862],[-58.984,-33.865],[-58.978,-33.87],[-58.972,-33.873],[-58.966,-33.873],[-58.958,-33.875],[-58.95,-33.875],[-58.944,-33.874],[-58.94,-33.873],[-58.934,-33.874],[-58.922,-33.879],[-58.911,-33.885],[-58.9,-33.891],[-58.895,-33.897],[-58.888,-33.908],[-58.883,-33.918],[-58.879,-33.922],[-58.871,-33.933],[-58.868,-33.937],[-58.863,-33.942],[-58.859,-33.944],[-58.855,-33.947],[-58.852,-33.949],[-58.854,-33.952],[-58.855,-33.952],[-58.856,-33.953],[-58.857,-33.953],[-58.857,-33.954],[-58.858,-33.954],[-58.858,-33.955],[-58.859,-33.956],[-58.86,-33.956],[-58.861,-33.957],[-58.862,-33.957],[-58.863,-33.958],[-58.864,-33.958],[-58.865,-33.958],[-58.866,-33.958],[-58.867,-33.958],[-58.868,-33.958],[-58.869,-33.958],[-58.87,-33.958],[-58.871,-33.958],[-58.872,-33.958],[-58.873,-33.958],[-58.874,-33.958],[-58.875,-33.958],[-58.876,-33.958],[-58.877,-33.958],[-58.878,-33.958],[-58.879,-33.958],[-58.88,-33.958],[-58.881,-33.958],[-58.882,-33.958],[-58.883,-33.958],[-58.884,-33.958],[-58.885,-33.958],[-58.886,-33.958],[-58.887,-33.958],[-58.888,-33.958],[-58.889,-33.958],[-58.889,-33.957],[-58.89,-33.957],[-58.891,-33.957],[-58.892,-33.957],[-58.893,-33.957],[-58.894,-33.957],[-58.895,-33.957],[-58.896,-33.957],[-58.897,-33.957],[-58.898,-33.957],[-58.899,-33.957],[-58.9,-33.957],[-58.901,-33.957],[-58.902,-33.957],[-58.903,-33.957],[-58.904,-33.957],[-58.905,-33.957],[-58.906,-33.957],[-58.907,-33.957],[-58.908,-33.957],[-58.909,-33.957],[-58.91,-33.957],[-58.911,-33.958],[-58.912,-33.958],[-58.913,-33.958],[-58.914,-33.958],[-58.915,-33.958],[-58.916,-33.958],[-58.917,-33.958],[-58.918,-33.958],[-58.919,-33.958],[-58.92,-33.958],[-58.921,-33.958],[-58.922,-33.958],[-58.923,-33.958],[-58.924,-33.958],[-58.926,-33.957],[-58.927,-33.957],[-58.928,-33.957],[-58.93,-33.957],[-58.931,-33.957],[-58.932,-33.957],[-58.933,-33.957],[-58.934,-33.957],[-58.934,-33.958],[-58.935,-33.958],[-58.936,-33.958],[-58.937,-33.958],[-58.938,-33.958],[-58.939,-33.958],[-58.939,-33.959],[-58.94,-33.959],[-58.941,-33.959],[-58.942,-33.96],[-58.943,-33.96],[-58.944,-33.961],[-58.945,-33.961],[-58.946,-33.962],[-58.947,-33.962],[-58.948,-33.962],[-58.949,-33.963],[-58.951,-33.963],[-58.952,-33.963],[-58.953,-33.964],[-58.955,-33.964],[-58.956,-33.964],[-58.957,-33.964],[-58.958,-33.964],[-58.959,-33.964],[-58.96,-33.964],[-58.961,-33.964],[-58.962,-33.963],[-58.963,-33.963],[-58.964,-33.963],[-58.964,-33.962],[-58.965,-33.962],[-58.965,-33.961],[-58.966,-33.961],[-58.97,-33.976],[-58.977,-34],[-58.98,-34.01],[-58.984,-34.026],[-59,-34.084],[-59.001,-34.088],[-59.001,-34.089],[-59.002,-34.09],[-59.003,-34.092],[-59.01,-34.099],[-59.009,-34.099],[-59.008,-34.101],[-59.007,-34.101],[-59.006,-34.102],[-59.003,-34.103],[-59.003,-34.104],[-59.001,-34.104],[-58.998,-34.105],[-58.995,-34.106],[-58.992,-34.107],[-58.989,-34.108],[-58.986,-34.109],[-58.984,-34.109],[-58.982,-34.11],[-58.981,-34.111],[-58.979,-34.112],[-58.978,-34.113],[-58.977,-34.114],[-58.975,-34.116],[-58.974,-34.118],[-58.973,-34.119],[-58.973,-34.121],[-58.972,-34.123],[-58.972,-34.124],[-58.972,-34.126],[-58.973,-34.127],[-58.973,-34.129],[-58.974,-34.13],[-58.975,-34.13],[-58.976,-34.131],[-58.977,-34.132],[-58.98,-34.132],[-58.981,-34.133],[-58.983,-34.134],[-58.984,-34.135],[-59.102,-34.198],[-59.103,-34.2],[-59.187,-34.188],[-59.217,-34.183],[-59.239,-34.18],[-59.237,-34.172],[-59.261,-34.168],[-59.312,-34.161],[-59.311,-34.161],[-59.31,-34.161],[-59.31,-34.16],[-59.31,-34.159],[-59.309,-34.159],[-59.308,-34.159],[-59.307,-34.159],[-59.305,-34.159],[-59.304,-34.159],[-59.303,-34.159],[-59.303,-34.158],[-59.302,-34.158],[-59.301,-34.158],[-59.3,-34.158],[-59.299,-34.158],[-59.299,-34.157],[-59.298,-34.156],[-59.297,-34.156],[-59.296,-34.156],[-59.296,-34.155],[-59.296,-34.154],[-59.295,-34.154],[-59.294,-34.153],[-59.293,-34.153],[-59.292,-34.153],[-59.291,-34.153],[-59.29,-34.153],[-59.29,-34.152],[-59.29,-34.151],[-59.289,-34.151],[-59.289,-34.15],[-59.288,-34.15],[-59.288,-34.149],[-59.288,-34.148],[-59.287,-34.148],[-59.286,-34.148],[-59.285,-34.148],[-59.285,-34.147],[-59.284,-34.146],[-59.283,-34.145],[-59.282,-34.145],[-59.282,-34.146],[-59.281,-34.146],[-59.28,-34.146],[-59.279,-34.146],[-59.279,-34.145],[-59.279,-34.144],[-59.28,-34.144],[-59.28,-34.143],[-59.279,-34.143],[-59.278,-34.143],[-59.278,-34.142],[-59.279,-34.141],[-59.279,-34.14],[-59.278,-34.14],[-59.277,-34.14],[-59.277,-34.139],[-59.278,-34.139],[-59.278,-34.138],[-59.277,-34.138],[-59.276,-34.138],[-59.276,-34.139],[-59.275,-34.138],[-59.275,-34.137],[-59.274,-34.137],[-59.274,-34.136],[-59.273,-34.136],[-59.273,-34.135],[-59.273,-34.134],[-59.273,-34.133],[-59.273,-34.132],[-59.274,-34.132],[-59.275,-34.131],[-59.276,-34.13],[-59.275,-34.13],[-59.275,-34.129],[-59.275,-34.128],[-59.276,-34.128],[-59.276,-34.127],[-59.276,-34.126],[-59.275,-34.126],[-59.275,-34.125],[-59.274,-34.124],[-59.273,-34.124],[-59.273,-34.123],[-59.273,-34.122],[-59.273,-34.121],[-59.272,-34.12],[-59.272,-34.119],[-59.272,-34.118],[-59.272,-34.117],[-59.273,-34.117],[-59.273,-34.116],[-59.273,-34.115],[-59.272,-34.115],[-59.272,-34.114],[-59.272,-34.113],[-59.273,-34.113],[-59.273,-34.112],[-59.273,-34.111],[-59.273,-34.11],[-59.273,-34.109],[-59.274,-34.108],[-59.274,-34.107],[-59.273,-34.107],[-59.273,-34.106],[-59.272,-34.106],[-59.272,-34.105],[-59.272,-34.104],[-59.271,-34.103],[-59.27,-34.103],[-59.27,-34.102],[-59.269,-34.102],[-59.268,-34.102],[-59.268,-34.101],[-59.268,-34.1],[-59.268,-34.099],[-59.269,-34.098],[-59.269,-34.097],[-59.268,-34.097],[-59.267,-34.096],[-59.266,-34.096],[-59.267,-34.096],[-59.267,-34.095],[-59.267,-34.094],[-59.267,-34.093],[-59.266,-34.093],[-59.266,-34.092],[-59.266,-34.091],[-59.267,-34.091],[-59.267,-34.09],[-59.268,-34.09],[-59.268,-34.089],[-59.267,-34.089],[-59.267,-34.088],[-59.268,-34.088],[-59.268,-34.087],[-59.268,-34.086],[-59.268,-34.085],[-59.268,-34.084],[-59.269,-34.084],[-59.27,-34.084],[-59.271,-34.084],[-59.271,-34.083],[-59.272,-34.083],[-59.272,-34.082],[-59.273,-34.082],[-59.274,-34.082],[-59.274,-34.081],[-59.275,-34.081],[-59.275,-34.08],[-59.276,-34.08],[-59.277,-34.08],[-59.277,-34.081],[-59.278,-34.082],[-59.279,-34.081],[-59.28,-34.081],[-59.28,-34.08],[-59.281,-34.08],[-59.281,-34.079],[-59.281,-34.078],[-59.281,-34.077],[-59.282,-34.077],[-59.283,-34.076],[-59.284,-34.076],[-59.285,-34.077],[-59.286,-34.077],[-59.287,-34.077],[-59.287,-34.076],[-59.288,-34.076],[-59.289,-34.076],[-59.289,-34.075],[-59.29,-34.075],[-59.29,-34.074],[-59.291,-34.074],[-59.292,-34.073],[-59.292,-34.072],[-59.292,-34.071],[-59.293,-34.071],[-59.293,-34.07],[-59.294,-34.07],[-59.295,-34.07],[-59.296,-34.07],[-59.297,-34.07],[-59.298,-34.07],[-59.298,-34.069],[-59.299,-34.069],[-59.3,-34.069],[-59.3,-34.068],[-59.299,-34.067],[-59.298,-34.067],[-59.298,-34.066],[-59.299,-34.066],[-59.3,-34.065],[-59.3,-34.064],[-59.301,-34.064],[-59.302,-34.064],[-59.303,-34.064],[-59.303,-34.063],[-59.303,-34.062],[-59.303,-34.061],[-59.303,-34.06],[-59.303,-34.059],[-59.302,-34.059],[-59.302,-34.058],[-59.302,-34.057],[-59.302,-34.056],[-59.302,-34.055],[-59.302,-34.054],[-59.302,-34.053],[-59.302,-34.052],[-59.302,-34.051],[-59.303,-34.051],[-59.303,-34.05],[-59.302,-34.049],[-59.302,-34.048],[-59.302,-34.047],[-59.302,-34.046],[-59.301,-34.046],[-59.301,-34.045],[-59.301,-34.044],[-59.301,-34.043],[-59.302,-34.043],[-59.302,-34.042],[-59.302,-34.041],[-59.303,-34.041],[-59.303,-34.04],[-59.303,-34.039],[-59.304,-34.039],[-59.304,-34.038],[-59.304,-34.037],[-59.305,-34.037],[-59.304,-34.037],[-59.304,-34.036],[-59.304,-34.035],[-59.304,-34.034],[-59.305,-34.033],[-59.306,-34.033],[-59.306,-34.032],[-59.305,-34.032],[-59.305,-34.031],[-59.305,-34.03],[-59.306,-34.03],[-59.306,-34.029],[-59.306,-34.028],[-59.306,-34.027],[-59.307,-34.026],[-59.307,-34.025],[-59.308,-34.024],[-59.308,-34.023],[-59.309,-34.022],[-59.31,-34.022],[-59.309,-34.022],[-59.309,-34.021],[-59.309,-34.02],[-59.31,-34.02],[-59.309,-34.02],[-59.309,-34.019],[-59.308,-34.019],[-59.308,-34.018],[-59.309,-34.018],[-59.31,-34.018],[-59.31,-34.017],[-59.31,-34.016],[-59.311,-34.016],[-59.31,-34.016],[-59.311,-34.015],[-59.312,-34.015],[-59.313,-34.015],[-59.314,-34.015],[-59.314,-34.014],[-59.315,-34.014],[-59.315,-34.013],[-59.315,-34.012],[-59.314,-34.012],[-59.314,-34.011],[-59.314,-34.01],[-59.314,-34.009],[-59.314,-34.008],[-59.313,-34.007],[-59.314,-34.007],[-59.314,-34.006],[-59.314,-34.005],[-59.315,-34.004],[-59.316,-34.004],[-59.316,-34.003],[-59.316,-34.002],[-59.317,-34.002],[-59.318,-34.002],[-59.318,-34.001],[-59.319,-34],[-59.319,-33.999],[-59.32,-33.999],[-59.32,-33.998],[-59.321,-33.998],[-59.321,-33.997],[-59.321,-33.996],[-59.322,-33.996],[-59.323,-33.996],[-59.324,-33.996],[-59.324,-33.995],[-59.325,-33.995],[-59.325,-33.994],[-59.326,-33.994],[-59.326,-33.993],[-59.326,-33.992],[-59.327,-33.992],[-59.327,-33.991],[-59.327,-33.99],[-59.328,-33.99],[-59.329,-33.99],[-59.329,-33.989],[-59.329,-33.988],[-59.328,-33.987],[-59.329,-33.987],[-59.329,-33.986],[-59.33,-33.985],[-59.331,-33.985],[-59.332,-33.985],[-59.332,-33.984],[-59.333,-33.984],[-59.333,-33.983],[-59.334,-33.982],[-59.335,-33.981],[-59.334,-33.981],[-59.333,-33.981],[-59.332,-33.981],[-59.331,-33.981],[-59.331,-33.98],[-59.332,-33.98],[-59.332,-33.979],[-59.333,-33.979],[-59.333,-33.978],[-59.334,-33.978],[-59.334,-33.977],[-59.333,-33.977],[-59.333,-33.976],[-59.333,-33.975],[-59.334,-33.975],[-59.334,-33.974],[-59.335,-33.974],[-59.335,-33.973],[-59.336,-33.972],[-59.336,-33.971],[-59.336,-33.97],[-59.337,-33.97],[-59.337,-33.969],[-59.338,-33.968],[-59.338,-33.967],[-59.338,-33.966],[-59.339,-33.966],[-59.338,-33.965],[-59.338,-33.964],[-59.339,-33.964],[-59.339,-33.963],[-59.338,-33.963],[-59.338,-33.962],[-59.338,-33.961],[-59.338,-33.96],[-59.338,-33.959],[-59.338,-33.958],[-59.339,-33.958],[-59.34,-33.958],[-59.341,-33.958],[-59.341,-33.957],[-59.34,-33.957],[-59.34,-33.956],[-59.339,-33.956],[-59.34,-33.956],[-59.34,-33.955],[-59.341,-33.955],[-59.342,-33.955],[-59.343,-33.955],[-59.343,-33.954],[-59.342,-33.954],[-59.342,-33.953],[-59.343,-33.953],[-59.344,-33.953],[-59.345,-33.953],[-59.345,-33.952],[-59.344,-33.952],[-59.343,-33.952],[-59.342,-33.952],[-59.343,-33.952],[-59.343,-33.951],[-59.342,-33.951],[-59.342,-33.95],[-59.342,-33.949],[-59.343,-33.949],[-59.343,-33.948],[-59.342,-33.949],[-59.341,-33.949],[-59.341,-33.948],[-59.341,-33.947],[-59.342,-33.947],[-59.343,-33.948],[-59.344,-33.948],[-59.344,-33.947],[-59.344,-33.946],[-59.345,-33.946],[-59.346,-33.945],[-59.346,-33.944],[-59.345,-33.944],[-59.345,-33.943],[-59.345,-33.942],[-59.346,-33.942],[-59.347,-33.942],[-59.347,-33.941],[-59.346,-33.941],[-59.345,-33.941],[-59.344,-33.941],[-59.344,-33.94],[-59.345,-33.94],[-59.345,-33.939],[-59.346,-33.939],[-59.346,-33.938],[-59.346,-33.937],[-59.347,-33.937],[-59.347,-33.936],[-59.347,-33.935],[-59.346,-33.934],[-59.345,-33.934],[-59.344,-33.934],[-59.344,-33.933],[-59.343,-33.932],[-59.342,-33.931],[-59.342,-33.93],[-59.342,-33.929],[-59.342,-33.928],[-59.341,-33.927],[-59.341,-33.926],[-59.34,-33.925],[-59.34,-33.926],[-59.34,-33.927],[-59.339,-33.927],[-59.338,-33.927],[-59.337,-33.927],[-59.336,-33.927],[-59.335,-33.927],[-59.335,-33.926],[-59.334,-33.926],[-59.333,-33.926],[-59.333,-33.925],[-59.332,-33.925],[-59.332,-33.926],[-59.331,-33.926],[-59.331,-33.927],[-59.33,-33.928],[-59.329,-33.929],[-59.328,-33.93],[-59.327,-33.931],[-59.326,-33.931],[-59.325,-33.931],[-59.323,-33.931],[-59.322,-33.931],[-59.321,-33.931],[-59.32,-33.93],[-59.319,-33.93],[-59.318,-33.929],[-59.318,-33.928],[-59.317,-33.928],[-59.317,-33.927],[-59.316,-33.926],[-59.315,-33.926],[-59.315,-33.925],[-59.314,-33.925],[-59.314,-33.924],[-59.313,-33.924],[-59.312,-33.924],[-59.311,-33.924],[-59.31,-33.924],[-59.309,-33.924],[-59.308,-33.924],[-59.307,-33.925],[-59.306,-33.925],[-59.305,-33.926],[-59.304,-33.926],[-59.304,-33.927],[-59.303,-33.927],[-59.303,-33.928],[-59.302,-33.928],[-59.301,-33.929],[-59.3,-33.93],[-59.299,-33.931],[-59.298,-33.931],[-59.297,-33.932],[-59.296,-33.932],[-59.295,-33.932],[-59.294,-33.932],[-59.293,-33.932],[-59.292,-33.932],[-59.291,-33.931],[-59.29,-33.931],[-59.289,-33.931],[-59.288,-33.931],[-59.287,-33.931],[-59.286,-33.931],[-59.285,-33.931],[-59.284,-33.931],[-59.283,-33.931],[-59.282,-33.931],[-59.281,-33.931],[-59.28,-33.931],[-59.28,-33.932],[-59.279,-33.932],[-59.278,-33.932],[-59.277,-33.932],[-59.276,-33.932],[-59.275,-33.933],[-59.274,-33.933],[-59.274,-33.934],[-59.273,-33.934],[-59.273,-33.933],[-59.272,-33.933],[-59.271,-33.933],[-59.27,-33.934],[-59.269,-33.934],[-59.269,-33.935],[-59.268,-33.935],[-59.268,-33.936],[-59.267,-33.936],[-59.267,-33.937],[-59.266,-33.937],[-59.266,-33.938],[-59.265,-33.939],[-59.264,-33.939],[-59.263,-33.94],[-59.262,-33.941],[-59.261,-33.941],[-59.26,-33.941],[-59.259,-33.941],[-59.259,-33.94],[-59.259,-33.939],[-59.259,-33.938],[-59.259,-33.937],[-59.258,-33.936],[-59.258,-33.935],[-59.258,-33.934],[-59.257,-33.934],[-59.256,-33.933],[-59.254,-33.931],[-59.253,-33.931],[-59.252,-33.93],[-59.251,-33.93],[-59.248,-33.93],[-59.245,-33.93],[-59.242,-33.929],[-59.239,-33.929],[-59.236,-33.929],[-59.233,-33.928],[-59.231,-33.926],[-59.23,-33.925],[-59.228,-33.922],[-59.228,-33.92],[-59.228,-33.917],[-59.23,-33.914],[-59.231,-33.912],[-59.233,-33.91],[-59.235,-33.908],[-59.236,-33.906],[-59.237,-33.903],[-59.238,-33.901],[-59.239,-33.898],[-59.24,-33.896],[-59.242,-33.895],[-59.243,-33.894],[-59.245,-33.893],[-59.247,-33.892],[-59.248,-33.892],[-59.249,-33.892],[-59.251,-33.892],[-59.252,-33.891],[-59.254,-33.891],[-59.256,-33.89],[-59.257,-33.889],[-59.259,-33.887],[-59.26,-33.885],[-59.261,-33.883],[-59.262,-33.882],[-59.264,-33.88],[-59.266,-33.878],[-59.269,-33.875],[-59.271,-33.873],[-59.274,-33.871],[-59.276,-33.87],[-59.278,-33.868],[-59.28,-33.867],[-59.284,-33.866],[-59.287,-33.864],[-59.291,-33.862],[-59.294,-33.861],[-59.296,-33.86],[-59.299,-33.857],[-59.301,-33.855],[-59.302,-33.853],[-59.303,-33.851],[-59.303,-33.849],[-59.301,-33.847],[-59.298,-33.844],[-59.297,-33.843],[-59.294,-33.84],[-59.293,-33.839],[-59.292,-33.835],[-59.292,-33.833],[-59.293,-33.832],[-59.293,-33.831],[-59.293,-33.83],[-59.292,-33.828],[-59.288,-33.826],[-59.286,-33.825],[-59.282,-33.824],[-59.281,-33.823],[-59.277,-33.821],[-59.273,-33.819],[-59.27,-33.819],[-59.267,-33.818],[-59.266,-33.818],[-59.264,-33.817],[-59.263,-33.817],[-59.259,-33.816],[-59.255,-33.816],[-59.253,-33.815],[-59.25,-33.815],[-59.249,-33.815],[-59.247,-33.815],[-59.245,-33.815],[-59.243,-33.815],[-59.242,-33.814],[-59.239,-33.815],[-59.237,-33.815],[-59.235,-33.815],[-59.234,-33.814],[-59.229,-33.813],[-59.226,-33.813],[-59.226,-33.812],[-59.219,-33.815],[-59.203,-33.811],[-59.191,-33.809],[-59.185,-33.807],[-59.178,-33.806],[-59.174,-33.807],[-59.168,-33.809]]],"type":"Polygon"}},{"type":"Feature","properties":{"name":"Comuna 1","zone":"CABA"},"geometry":{"type":"MultiPolygon","coordinates":[[[[-58.369,-34.574],[-58.368,-34.574],[-58.367,-34.574],[-58.365,-34.575],[-58.361,-34.578],[-58.358,-34.579],[-58.358,-34.58],[-58.357,-34.584],[-58.357,-34.585],[-58.356,-34.589],[-58.356,-34.59],[-58.355,-34.592],[-58.355,-34.593],[-58.355,-34.592],[-58.356,-34.592],[-58.356,-34.589],[-58.357,-34.585],[-58.357,-34.584],[-58.358,-34.581],[-58.358,-34.58],[-58.358,-34.579],[-58.359,-34.579],[-58.365,-34.575],[-58.366,-34.575],[-58.367,-34.574],[-58.368,-34.574],[-58.369,-34.574],[-58.37,-34.574],[-58.369,-34.574]]],[[[-58.374,-34.579],[-58.368,-34.578],[-58.365,-34.58],[-58.371,-34.581],[-58.37,-34.581],[-58.369,-34.581],[-58.369,-34.582],[-58.365,-34.581],[-58.363,-34.581],[-58.362,-34.581],[-58.362,-34.582],[-58.361,-34.583],[-58.363,-34.583],[-58.365,-34.583],[-58.366,-34.583],[-58.366,-34.584],[-58.365,-34.584],[-58.361,-34.584],[-58.36,-34.584],[-58.36,-34.586],[-58.364,-34.586],[-58.364,-34.587],[-58.363,-34.587],[-58.36,-34.587],[-58.359,-34.588],[-58.36,-34.588],[-58.361,-34.589],[-58.363,-34.589],[-58.365,-34.589],[-58.366,-34.59],[-58.368,-34.59],[-58.368,-34.591],[-58.367,-34.591],[-58.366,-34.591],[-58.366,-34.592],[-58.365,-34.593],[-58.364,-34.594],[-58.365,-34.594],[-58.366,-34.593],[-58.367,-34.592],[-58.367,-34.591],[-58.367,-34.592],[-58.367,-34.593],[-58.366,-34.593],[-58.367,-34.593],[-58.368,-34.592],[-58.367,-34.593],[-58.368,-34.594],[-58.369,-34.594],[-58.369,-34.595],[-58.369,-34.596],[-58.368,-34.597],[-58.368,-34.598],[-58.367,-34.597],[-58.366,-34.597],[-58.366,-34.598],[-58.366,-34.597],[-58.365,-34.597],[-58.364,-34.597],[-58.364,-34.596],[-58.364,-34.595],[-58.363,-34.597],[-58.362,-34.596],[-58.361,-34.596],[-58.36,-34.596],[-58.36,-34.595],[-58.359,-34.595],[-58.358,-34.595],[-58.357,-34.595],[-58.356,-34.595],[-58.355,-34.595],[-58.354,-34.595],[-58.351,-34.595],[-58.354,-34.595],[-58.355,-34.595],[-58.357,-34.595],[-58.356,-34.595],[-58.355,-34.595],[-58.355,-34.596],[-58.354,-34.596],[-58.354,-34.597],[-58.353,-34.597],[-58.353,-34.598],[-58.352,-34.598],[-58.352,-34.599],[-58.351,-34.599],[-58.35,-34.599],[-58.35,-34.6],[-58.349,-34.6],[-58.349,-34.601],[-58.348,-34.601],[-58.348,-34.602],[-58.347,-34.602],[-58.347,-34.603],[-58.347,-34.604],[-58.346,-34.604],[-58.346,-34.605],[-58.346,-34.606],[-58.346,-34.607],[-58.345,-34.607],[-58.345,-34.608],[-58.344,-34.608],[-58.343,-34.608],[-58.343,-34.609],[-58.342,-34.609],[-58.342,-34.61],[-58.341,-34.61],[-58.341,-34.611],[-58.341,-34.612],[-58.34,-34.612],[-58.34,-34.613],[-58.34,-34.614],[-58.34,-34.615],[-58.34,-34.616],[-58.34,-34.617],[-58.341,-34.617],[-58.342,-34.617],[-58.343,-34.617],[-58.344,-34.617],[-58.345,-34.617],[-58.345,-34.618],[-58.345,-34.617],[-58.346,-34.617],[-58.347,-34.617],[-58.348,-34.617],[-58.349,-34.617],[-58.35,-34.617],[-58.351,-34.618],[-58.35,-34.618],[-58.35,-34.619],[-58.351,-34.619],[-58.35,-34.619],[-58.351,-34.619],[-58.352,-34.619],[-58.352,-34.62],[-58.353,-34.62],[-58.354,-34.619],[-58.354,-34.62],[-58.354,-34.619],[-58.355,-34.62],[-58.355,-34.619],[-58.356,-34.618],[-58.357,-34.619],[-58.358,-34.62],[-58.359,-34.621],[-58.36,-34.622],[-58.361,-34.623],[-58.362,-34.623],[-58.362,-34.624],[-58.363,-34.625],[-58.366,-34.625],[-58.368,-34.625],[-58.368,-34.627],[-58.369,-34.628],[-58.37,-34.628],[-58.37,-34.629],[-58.371,-34.629],[-58.371,-34.628],[-58.371,-34.627],[-58.372,-34.627],[-58.373,-34.627],[-58.374,-34.627],[-58.375,-34.627],[-58.376,-34.627],[-58.377,-34.628],[-58.378,-34.628],[-58.378,-34.629],[-58.379,-34.629],[-58.379,-34.63],[-58.379,-34.631],[-58.379,-34.632],[-58.38,-34.632],[-58.38,-34.633],[-58.381,-34.633],[-58.381,-34.632],[-58.381,-34.631],[-58.382,-34.631],[-58.383,-34.632],[-58.384,-34.632],[-58.385,-34.633],[-58.387,-34.633],[-58.388,-34.633],[-58.388,-34.634],[-58.389,-34.634],[-58.39,-34.634],[-58.391,-34.633],[-58.391,-34.632],[-58.391,-34.631],[-58.391,-34.63],[-58.391,-34.629],[-58.391,-34.628],[-58.391,-34.627],[-58.391,-34.626],[-58.391,-34.625],[-58.391,-34.624],[-58.391,-34.623],[-58.392,-34.622],[-58.392,-34.621],[-58.392,-34.62],[-58.392,-34.619],[-58.392,-34.618],[-58.392,-34.617],[-58.392,-34.616],[-58.392,-34.615],[-58.392,-34.614],[-58.392,-34.613],[-58.392,-34.612],[-58.392,-34.611],[-58.392,-34.61],[-58.392,-34.609],[-58.392,-34.608],[-58.392,-34.607],[-58.392,-34.606],[-58.392,-34.605],[-58.392,-34.604],[-58.392,-34.603],[-58.393,-34.602],[-58.393,-34.601],[-58.393,-34.6],[-58.392,-34.6],[-58.391,-34.6],[-58.39,-34.599],[-58.389,-34.599],[-58.388,-34.599],[-58.387,-34.599],[-58.387,-34.598],[-58.387,-34.597],[-58.387,-34.596],[-58.387,-34.595],[-58.388,-34.593],[-58.388,-34.592],[-58.387,-34.591],[-58.386,-34.59],[-58.385,-34.589],[-58.384,-34.588],[-58.384,-34.587],[-58.385,-34.587],[-58.385,-34.586],[-58.385,-34.585],[-58.386,-34.585],[-58.386,-34.584],[-58.387,-34.584],[-58.387,-34.583],[-58.388,-34.583],[-58.388,-34.582],[-58.389,-34.582],[-58.39,-34.582],[-58.39,-34.581],[-58.391,-34.581],[-58.392,-34.581],[-58.391,-34.58],[-58.39,-34.579],[-58.39,-34.578],[-58.389,-34.578],[-58.388,-34.578],[-58.387,-34.578],[-58.386,-34.578],[-58.385,-34.578],[-58.384,-34.578],[-58.383,-34.578],[-58.38,-34.58],[-58.377,-34.58],[-58.376,-34.58],[-58.375,-34.581],[-58.374,-34.579],[-58.377,-34.578],[-58.376,-34.578],[-58.376,-34.577],[-58.376,-34.578],[-58.375,-34.578],[-58.374,-34.579]]]]}},{"type":"Feature","properties":{"name":"Comuna 2","zone":"CABA"},"geometry":{"type":"Polygon","coordinates":[[[-58.38,-34.57],[-58.379,-34.57],[-58.377,-34.571],[-58.376,-34.572],[-58.374,-34.573],[-58.372,-34.574],[-58.372,-34.575],[-58.371,-34.575],[-58.372,-34.575],[-58.374,-34.573],[-58.375,-34.573],[-58.376,-34.572],[-58.377,-34.571],[-58.379,-34.571],[-58.379,-34.57],[-58.38,-34.57],[-58.38,-34.571],[-58.381,-34.571],[-58.38,-34.571],[-58.379,-34.572],[-58.378,-34.572],[-58.378,-34.573],[-58.384,-34.573],[-58.383,-34.574],[-58.382,-34.574],[-58.38,-34.574],[-58.379,-34.574],[-58.376,-34.574],[-58.375,-34.574],[-58.374,-34.575],[-58.373,-34.575],[-58.372,-34.576],[-58.371,-34.577],[-58.376,-34.577],[-58.376,-34.578],[-58.377,-34.578],[-58.374,-34.579],[-58.375,-34.581],[-58.376,-34.58],[-58.377,-34.58],[-58.38,-34.58],[-58.383,-34.578],[-58.384,-34.578],[-58.385,-34.578],[-58.386,-34.578],[-58.387,-34.578],[-58.388,-34.578],[-58.389,-34.578],[-58.39,-34.578],[-58.39,-34.579],[-58.391,-34.58],[-58.392,-34.581],[-58.391,-34.581],[-58.39,-34.581],[-58.39,-34.582],[-58.389,-34.582],[-58.388,-34.582],[-58.388,-34.583],[-58.387,-34.583],[-58.387,-34.584],[-58.386,-34.584],[-58.386,-34.585],[-58.385,-34.585],[-58.385,-34.586],[-58.385,-34.587],[-58.384,-34.587],[-58.384,-34.588],[-58.385,-34.589],[-58.386,-34.59],[-58.387,-34.591],[-58.388,-34.592],[-58.388,-34.593],[-58.387,-34.595],[-58.387,-34.596],[-58.387,-34.597],[-58.387,-34.598],[-58.387,-34.599],[-58.388,-34.599],[-58.389,-34.599],[-58.39,-34.599],[-58.391,-34.6],[-58.392,-34.6],[-58.393,-34.6],[-58.394,-34.6],[-58.395,-34.6],[-58.396,-34.6],[-58.397,-34.6],[-58.399,-34.6],[-58.4,-34.6],[-58.401,-34.599],[-58.402,-34.599],[-58.403,-34.599],[-58.404,-34.599],[-58.404,-34.598],[-58.405,-34.598],[-58.406,-34.598],[-58.407,-34.598],[-58.408,-34.598],[-58.409,-34.598],[-58.41,-34.598],[-58.412,-34.598],[-58.413,-34.598],[-58.414,-34.598],[-58.415,-34.598],[-58.416,-34.598],[-58.416,-34.597],[-58.415,-34.596],[-58.415,-34.595],[-58.414,-34.594],[-58.414,-34.593],[-58.413,-34.592],[-58.412,-34.592],[-58.411,-34.59],[-58.41,-34.589],[-58.41,-34.588],[-58.409,-34.588],[-58.408,-34.587],[-58.408,-34.586],[-58.407,-34.585],[-58.406,-34.584],[-58.406,-34.583],[-58.405,-34.583],[-58.404,-34.583],[-58.402,-34.583],[-58.401,-34.584],[-58.4,-34.584],[-58.399,-34.583],[-58.398,-34.581],[-58.398,-34.58],[-58.397,-34.579],[-58.397,-34.578],[-58.398,-34.578],[-58.399,-34.577],[-58.4,-34.577],[-58.4,-34.576],[-58.401,-34.576],[-58.402,-34.575],[-58.402,-34.574],[-58.403,-34.574],[-58.402,-34.574],[-58.402,-34.573],[-58.401,-34.572],[-58.4,-34.572],[-58.4,-34.571],[-58.4,-34.57],[-58.4,-34.569],[-58.4,-34.57],[-58.399,-34.57],[-58.398,-34.57],[-58.395,-34.572],[-58.394,-34.572],[-58.393,-34.572],[-58.392,-34.573],[-58.39,-34.573],[-58.39,-34.574],[-58.389,-34.575],[-58.386,-34.576],[-58.385,-34.576],[-58.383,-34.576],[-58.383,-34.575],[-58.384,-34.575],[-58.385,-34.574],[-58.387,-34.573],[-58.391,-34.571],[-58.391,-34.57],[-58.391,-34.569],[-58.39,-34.569],[-58.384,-34.569],[-58.384,-34.568],[-58.383,-34.568],[-58.382,-34.568],[-58.381,-34.568],[-58.381,-34.569],[-58.381,-34.57],[-58.38,-34.57],[-58.38,-34.569],[-58.38,-34.568],[-58.38,-34.569],[-58.38,-34.57]]]}},{"type":"Feature","properties":{"name":"Comuna 3","zone":"CABA"},"geometry":{"type":"Polygon","coordinates":[[[-58.412,-34.598],[-58.41,-34.598],[-58.409,-34.598],[-58.408,-34.598],[-58.407,-34.598],[-58.406,-34.598],[-58.405,-34.598],[-58.404,-34.598],[-58.404,-34.599],[-58.403,-34.599],[-58.402,-34.599],[-58.401,-34.599],[-58.4,-34.6],[-58.399,-34.6],[-58.397,-34.6],[-58.396,-34.6],[-58.395,-34.6],[-58.394,-34.6],[-58.393,-34.6],[-58.393,-34.601],[-58.393,-34.602],[-58.392,-34.603],[-58.392,-34.604],[-58.392,-34.605],[-58.392,-34.606],[-58.392,-34.607],[-58.392,-34.608],[-58.392,-34.609],[-58.392,-34.61],[-58.392,-34.611],[-58.392,-34.612],[-58.392,-34.613],[-58.392,-34.614],[-58.392,-34.615],[-58.392,-34.616],[-58.392,-34.617],[-58.392,-34.618],[-58.392,-34.619],[-58.392,-34.62],[-58.392,-34.621],[-58.392,-34.622],[-58.391,-34.623],[-58.391,-34.624],[-58.391,-34.625],[-58.391,-34.626],[-58.391,-34.627],[-58.392,-34.627],[-58.393,-34.627],[-58.394,-34.628],[-58.395,-34.628],[-58.397,-34.628],[-58.398,-34.628],[-58.399,-34.628],[-58.4,-34.629],[-58.401,-34.629],[-58.402,-34.629],[-58.404,-34.629],[-58.405,-34.629],[-58.406,-34.629],[-58.407,-34.629],[-58.408,-34.63],[-58.409,-34.63],[-58.41,-34.63],[-58.411,-34.63],[-58.412,-34.63],[-58.412,-34.629],[-58.412,-34.628],[-58.412,-34.627],[-58.412,-34.625],[-58.412,-34.624],[-58.412,-34.623],[-58.412,-34.622],[-58.413,-34.621],[-58.413,-34.62],[-58.413,-34.619],[-58.413,-34.618],[-58.413,-34.617],[-58.413,-34.615],[-58.413,-34.614],[-58.413,-34.613],[-58.414,-34.612],[-58.414,-34.611],[-58.415,-34.609],[-58.415,-34.608],[-58.414,-34.608],[-58.414,-34.607],[-58.414,-34.606],[-58.413,-34.605],[-58.413,-34.604],[-58.413,-34.603],[-58.413,-34.602],[-58.412,-34.6],[-58.412,-34.599],[-58.412,-34.598]]]}},{"type":"Feature","properties":{"name":"Comuna 4","zone":"CABA"},"geometry":{"type":"Polygon","coordinates":[[[-58.355,-34.619],[-58.355,-34.62],[-58.354,-34.619],[-58.354,-34.62],[-58.354,-34.619],[-58.353,-34.62],[-58.352,-34.62],[-58.352,-34.619],[-58.351,-34.619],[-58.351,-34.62],[-58.35,-34.62],[-58.349,-34.62],[-58.348,-34.619],[-58.347,-34.619],[-58.346,-34.619],[-58.345,-34.619],[-58.345,-34.62],[-58.346,-34.62],[-58.346,-34.619],[-58.347,-34.619],[-58.347,-34.62],[-58.347,-34.621],[-58.346,-34.622],[-58.347,-34.622],[-58.346,-34.622],[-58.346,-34.623],[-58.346,-34.622],[-58.345,-34.622],[-58.345,-34.621],[-58.344,-34.621],[-58.344,-34.622],[-58.344,-34.621],[-58.344,-34.62],[-58.344,-34.619],[-58.343,-34.619],[-58.342,-34.619],[-58.342,-34.618],[-58.341,-34.618],[-58.341,-34.619],[-58.34,-34.619],[-58.34,-34.618],[-58.339,-34.618],[-58.339,-34.619],[-58.338,-34.619],[-58.338,-34.62],[-58.337,-34.621],[-58.337,-34.622],[-58.337,-34.623],[-58.338,-34.623],[-58.339,-34.623],[-58.34,-34.623],[-58.341,-34.623],[-58.342,-34.623],[-58.342,-34.622],[-58.343,-34.622],[-58.343,-34.623],[-58.342,-34.623],[-58.341,-34.623],[-58.34,-34.623],[-58.339,-34.624],[-58.338,-34.625],[-58.337,-34.625],[-58.336,-34.626],[-58.335,-34.626],[-58.335,-34.627],[-58.336,-34.628],[-58.337,-34.628],[-58.338,-34.629],[-58.339,-34.629],[-58.34,-34.628],[-58.341,-34.628],[-58.341,-34.627],[-58.342,-34.627],[-58.342,-34.626],[-58.342,-34.627],[-58.342,-34.626],[-58.343,-34.626],[-58.344,-34.626],[-58.344,-34.627],[-58.343,-34.627],[-58.343,-34.628],[-58.342,-34.628],[-58.342,-34.629],[-58.342,-34.628],[-58.342,-34.629],[-58.341,-34.629],[-58.342,-34.629],[-58.343,-34.629],[-58.344,-34.629],[-58.344,-34.628],[-58.345,-34.628],[-58.345,-34.629],[-58.346,-34.628],[-58.347,-34.627],[-58.348,-34.628],[-58.349,-34.629],[-58.348,-34.629],[-58.349,-34.629],[-58.348,-34.629],[-58.348,-34.63],[-58.348,-34.631],[-58.347,-34.631],[-58.347,-34.632],[-58.347,-34.631],[-58.346,-34.632],[-58.347,-34.632],[-58.348,-34.632],[-58.349,-34.633],[-58.35,-34.632],[-58.351,-34.632],[-58.351,-34.631],[-58.352,-34.63],[-58.352,-34.629],[-58.353,-34.629],[-58.354,-34.628],[-58.355,-34.628],[-58.355,-34.627],[-58.356,-34.627],[-58.357,-34.626],[-58.36,-34.624],[-58.361,-34.624],[-58.362,-34.624],[-58.361,-34.624],[-58.361,-34.625],[-58.359,-34.626],[-58.357,-34.627],[-58.356,-34.628],[-58.355,-34.628],[-58.355,-34.629],[-58.354,-34.63],[-58.354,-34.631],[-58.353,-34.632],[-58.353,-34.634],[-58.353,-34.635],[-58.353,-34.636],[-58.354,-34.636],[-58.354,-34.637],[-58.355,-34.637],[-58.356,-34.638],[-58.357,-34.638],[-58.357,-34.639],[-58.358,-34.639],[-58.359,-34.639],[-58.36,-34.639],[-58.361,-34.639],[-58.361,-34.64],[-58.361,-34.641],[-58.36,-34.641],[-58.359,-34.641],[-58.359,-34.642],[-58.358,-34.642],[-58.358,-34.643],[-58.357,-34.643],[-58.357,-34.644],[-58.357,-34.645],[-58.358,-34.645],[-58.359,-34.645],[-58.359,-34.646],[-58.36,-34.646],[-58.361,-34.647],[-58.362,-34.648],[-58.363,-34.648],[-58.364,-34.648],[-58.365,-34.648],[-58.365,-34.649],[-58.366,-34.649],[-58.367,-34.65],[-58.368,-34.65],[-58.369,-34.651],[-58.37,-34.651],[-58.37,-34.652],[-58.37,-34.653],[-58.37,-34.654],[-58.371,-34.654],[-58.372,-34.655],[-58.373,-34.655],[-58.373,-34.656],[-58.374,-34.656],[-58.374,-34.657],[-58.375,-34.657],[-58.376,-34.657],[-58.377,-34.657],[-58.378,-34.657],[-58.379,-34.657],[-58.38,-34.657],[-58.38,-34.658],[-58.38,-34.657],[-58.38,-34.658],[-58.38,-34.657],[-58.381,-34.657],[-58.381,-34.658],[-58.382,-34.658],[-58.382,-34.657],[-58.382,-34.658],[-58.383,-34.658],[-58.384,-34.658],[-58.385,-34.658],[-58.386,-34.658],[-58.386,-34.659],[-58.387,-34.659],[-58.387,-34.66],[-58.388,-34.66],[-58.389,-34.661],[-58.39,-34.661],[-58.391,-34.661],[-58.391,-34.662],[-58.392,-34.662],[-58.393,-34.662],[-58.394,-34.662],[-58.395,-34.662],[-58.396,-34.662],[-58.397,-34.662],[-58.398,-34.662],[-58.398,-34.661],[-58.399,-34.661],[-58.4,-34.661],[-58.401,-34.661],[-58.401,-34.66],[-58.402,-34.66],[-58.402,-34.659],[-58.403,-34.659],[-58.404,-34.659],[-58.405,-34.66],[-58.406,-34.66],[-58.407,-34.66],[-58.408,-34.66],[-58.409,-34.66],[-58.409,-34.659],[-58.41,-34.659],[-58.411,-34.659],[-58.412,-34.659],[-58.412,-34.658],[-58.413,-34.658],[-58.414,-34.658],[-58.414,-34.659],[-58.415,-34.659],[-58.416,-34.659],[-58.417,-34.659],[-58.418,-34.66],[-58.419,-34.66],[-58.42,-34.66],[-58.421,-34.66],[-58.421,-34.661],[-58.422,-34.661],[-58.423,-34.661],[-58.423,-34.662],[-58.424,-34.662],[-58.425,-34.661],[-58.425,-34.66],[-58.426,-34.66],[-58.426,-34.659],[-58.427,-34.659],[-58.427,-34.658],[-58.428,-34.658],[-58.429,-34.657],[-58.43,-34.657],[-58.43,-34.656],[-58.431,-34.656],[-58.431,-34.655],[-58.432,-34.655],[-58.433,-34.654],[-58.434,-34.653],[-58.434,-34.652],[-58.433,-34.652],[-58.432,-34.651],[-58.431,-34.65],[-58.43,-34.65],[-58.431,-34.65],[-58.431,-34.649],[-58.432,-34.649],[-58.433,-34.648],[-58.434,-34.647],[-58.435,-34.647],[-58.435,-34.646],[-58.434,-34.646],[-58.433,-34.646],[-58.433,-34.645],[-58.432,-34.645],[-58.432,-34.644],[-58.432,-34.643],[-58.432,-34.642],[-58.431,-34.642],[-58.431,-34.641],[-58.43,-34.641],[-58.429,-34.641],[-58.428,-34.641],[-58.427,-34.641],[-58.426,-34.641],[-58.425,-34.64],[-58.423,-34.64],[-58.422,-34.64],[-58.421,-34.64],[-58.42,-34.64],[-58.42,-34.639],[-58.419,-34.639],[-58.418,-34.639],[-58.417,-34.639],[-58.416,-34.639],[-58.415,-34.639],[-58.413,-34.638],[-58.412,-34.638],[-58.411,-34.638],[-58.411,-34.637],[-58.411,-34.636],[-58.41,-34.635],[-58.411,-34.635],[-58.411,-34.634],[-58.411,-34.633],[-58.412,-34.633],[-58.412,-34.632],[-58.412,-34.63],[-58.411,-34.63],[-58.41,-34.63],[-58.409,-34.63],[-58.408,-34.63],[-58.407,-34.629],[-58.406,-34.629],[-58.405,-34.629],[-58.404,-34.629],[-58.402,-34.629],[-58.401,-34.629],[-58.4,-34.629],[-58.399,-34.628],[-58.398,-34.628],[-58.397,-34.628],[-58.395,-34.628],[-58.394,-34.628],[-58.393,-34.627],[-58.392,-34.627],[-58.391,-34.627],[-58.391,-34.628],[-58.391,-34.629],[-58.391,-34.63],[-58.391,-34.631],[-58.391,-34.632],[-58.391,-34.633],[-58.39,-34.634],[-58.389,-34.634],[-58.388,-34.634],[-58.388,-34.633],[-58.387,-34.633],[-58.385,-34.633],[-58.384,-34.632],[-58.383,-34.632],[-58.382,-34.631],[-58.381,-34.631],[-58.381,-34.632],[-58.381,-34.633],[-58.38,-34.633],[-58.38,-34.632],[-58.379,-34.632],[-58.379,-34.631],[-58.379,-34.63],[-58.379,-34.629],[-58.378,-34.629],[-58.378,-34.628],[-58.377,-34.628],[-58.376,-34.627],[-58.375,-34.627],[-58.374,-34.627],[-58.373,-34.627],[-58.372,-34.627],[-58.371,-34.627],[-58.371,-34.628],[-58.371,-34.629],[-58.37,-34.629],[-58.37,-34.628],[-58.369,-34.628],[-58.368,-34.627],[-58.368,-34.625],[-58.366,-34.625],[-58.363,-34.625],[-58.362,-34.624],[-58.362,-34.623],[-58.361,-34.623],[-58.36,-34.622],[-58.359,-34.621],[-58.358,-34.62],[-58.357,-34.619],[-58.356,-34.618],[-58.355,-34.619]]]}},{"type":"Feature","properties":{"name":"Comuna 5","zone":"CABA"},"geometry":{"type":"Polygon","coordinates":[[[-58.413,-34.614],[-58.413,-34.615],[-58.413,-34.617],[-58.413,-34.618],[-58.413,-34.619],[-58.413,-34.62],[-58.413,-34.621],[-58.412,-34.622],[-58.412,-34.623],[-58.412,-34.624],[-58.412,-34.625],[-58.412,-34.627],[-58.412,-34.628],[-58.412,-34.629],[-58.412,-34.63],[-58.412,-34.632],[-58.412,-34.633],[-58.411,-34.633],[-58.411,-34.634],[-58.411,-34.635],[-58.41,-34.635],[-58.411,-34.636],[-58.411,-34.637],[-58.411,-34.638],[-58.412,-34.638],[-58.413,-34.638],[-58.415,-34.639],[-58.416,-34.639],[-58.417,-34.639],[-58.418,-34.639],[-58.419,-34.639],[-58.42,-34.639],[-58.42,-34.64],[-58.421,-34.64],[-58.422,-34.64],[-58.423,-34.64],[-58.424,-34.639],[-58.424,-34.638],[-58.424,-34.637],[-58.425,-34.636],[-58.425,-34.635],[-58.425,-34.634],[-58.425,-34.633],[-58.426,-34.632],[-58.426,-34.631],[-58.426,-34.63],[-58.426,-34.629],[-58.426,-34.628],[-58.427,-34.628],[-58.427,-34.627],[-58.427,-34.626],[-58.427,-34.625],[-58.427,-34.624],[-58.428,-34.622],[-58.428,-34.621],[-58.428,-34.62],[-58.428,-34.619],[-58.429,-34.618],[-58.429,-34.617],[-58.429,-34.615],[-58.43,-34.615],[-58.43,-34.614],[-58.43,-34.613],[-58.43,-34.612],[-58.43,-34.611],[-58.43,-34.61],[-58.43,-34.609],[-58.431,-34.609],[-58.431,-34.608],[-58.431,-34.607],[-58.431,-34.606],[-58.432,-34.605],[-58.432,-34.604],[-58.433,-34.603],[-58.432,-34.602],[-58.431,-34.601],[-58.43,-34.6],[-58.43,-34.599],[-58.429,-34.599],[-58.428,-34.598],[-58.427,-34.598],[-58.426,-34.598],[-58.425,-34.598],[-58.424,-34.598],[-58.423,-34.598],[-58.422,-34.598],[-58.421,-34.598],[-58.42,-34.598],[-58.419,-34.598],[-58.417,-34.598],[-58.416,-34.598],[-58.415,-34.598],[-58.414,-34.598],[-58.413,-34.598],[-58.412,-34.598],[-58.412,-34.599],[-58.412,-34.6],[-58.413,-34.602],[-58.413,-34.603],[-58.413,-34.604],[-58.413,-34.605],[-58.414,-34.606],[-58.414,-34.607],[-58.414,-34.608],[-58.415,-34.608],[-58.415,-34.609],[-58.414,-34.611],[-58.414,-34.612],[-58.413,-34.613],[-58.413,-34.614]]]}},{"type":"Feature","properties":{"name":"Comuna 6","zone":"CABA"},"geometry":{"type":"Polygon","coordinates":[[[-58.431,-34.607],[-58.431,-34.608],[-58.431,-34.609],[-58.43,-34.609],[-58.43,-34.61],[-58.43,-34.611],[-58.43,-34.612],[-58.43,-34.613],[-58.43,-34.614],[-58.43,-34.615],[-58.429,-34.615],[-58.429,-34.617],[-58.429,-34.618],[-58.428,-34.619],[-58.428,-34.62],[-58.428,-34.621],[-58.428,-34.622],[-58.427,-34.624],[-58.427,-34.625],[-58.427,-34.626],[-58.427,-34.627],[-58.428,-34.627],[-58.43,-34.627],[-58.431,-34.628],[-58.432,-34.628],[-58.433,-34.628],[-58.434,-34.628],[-58.435,-34.628],[-58.436,-34.628],[-58.437,-34.629],[-58.439,-34.629],[-58.44,-34.629],[-58.442,-34.629],[-58.443,-34.629],[-58.444,-34.63],[-58.446,-34.63],[-58.448,-34.63],[-58.449,-34.63],[-58.45,-34.63],[-58.452,-34.631],[-58.452,-34.63],[-58.453,-34.629],[-58.453,-34.628],[-58.453,-34.627],[-58.454,-34.626],[-58.455,-34.624],[-58.455,-34.623],[-58.456,-34.622],[-58.456,-34.621],[-58.457,-34.62],[-58.457,-34.619],[-58.458,-34.618],[-58.458,-34.617],[-58.458,-34.616],[-58.459,-34.615],[-58.459,-34.614],[-58.46,-34.614],[-58.46,-34.613],[-58.46,-34.612],[-58.461,-34.612],[-58.461,-34.611],[-58.462,-34.61],[-58.462,-34.608],[-58.463,-34.607],[-58.462,-34.607],[-58.461,-34.606],[-58.46,-34.605],[-58.459,-34.605],[-58.458,-34.604],[-58.458,-34.605],[-58.457,-34.605],[-58.456,-34.605],[-58.455,-34.605],[-58.454,-34.606],[-58.453,-34.606],[-58.452,-34.606],[-58.451,-34.606],[-58.451,-34.607],[-58.45,-34.607],[-58.449,-34.607],[-58.447,-34.607],[-58.446,-34.608],[-58.446,-34.607],[-58.445,-34.607],[-58.444,-34.607],[-58.443,-34.607],[-58.442,-34.606],[-58.441,-34.606],[-58.44,-34.606],[-58.439,-34.606],[-58.439,-34.605],[-58.438,-34.605],[-58.437,-34.605],[-58.437,-34.604],[-58.435,-34.604],[-58.435,-34.603],[-58.434,-34.603],[-58.433,-34.603],[-58.432,-34.604],[-58.432,-34.605],[-58.431,-34.606],[-58.431,-34.607]]]}},{"type":"Feature","properties":{"name":"Comuna 7","zone":"CABA"},"geometry":{"type":"Polygon","coordinates":[[[-58.452,-34.63],[-58.452,-34.631],[-58.45,-34.63],[-58.449,-34.63],[-58.448,-34.63],[-58.446,-34.63],[-58.444,-34.63],[-58.443,-34.629],[-58.442,-34.629],[-58.44,-34.629],[-58.439,-34.629],[-58.437,-34.629],[-58.436,-34.628],[-58.435,-34.628],[-58.434,-34.628],[-58.433,-34.628],[-58.432,-34.628],[-58.431,-34.628],[-58.43,-34.627],[-58.428,-34.627],[-58.427,-34.627],[-58.427,-34.628],[-58.426,-34.628],[-58.426,-34.629],[-58.426,-34.63],[-58.426,-34.631],[-58.426,-34.632],[-58.425,-34.633],[-58.425,-34.634],[-58.425,-34.635],[-58.425,-34.636],[-58.424,-34.637],[-58.424,-34.638],[-58.424,-34.639],[-58.423,-34.64],[-58.425,-34.64],[-58.426,-34.641],[-58.427,-34.641],[-58.428,-34.641],[-58.429,-34.641],[-58.43,-34.641],[-58.431,-34.641],[-58.431,-34.642],[-58.432,-34.642],[-58.432,-34.643],[-58.432,-34.644],[-58.432,-34.645],[-58.433,-34.645],[-58.433,-34.646],[-58.434,-34.646],[-58.435,-34.646],[-58.435,-34.647],[-58.434,-34.647],[-58.433,-34.648],[-58.432,-34.649],[-58.431,-34.649],[-58.431,-34.65],[-58.43,-34.65],[-58.431,-34.65],[-58.432,-34.651],[-58.433,-34.652],[-58.434,-34.652],[-58.434,-34.653],[-58.435,-34.654],[-58.436,-34.654],[-58.437,-34.655],[-58.438,-34.655],[-58.438,-34.656],[-58.438,-34.655],[-58.439,-34.655],[-58.44,-34.654],[-58.441,-34.654],[-58.442,-34.653],[-58.443,-34.652],[-58.443,-34.651],[-58.444,-34.651],[-58.445,-34.651],[-58.448,-34.651],[-58.449,-34.651],[-58.451,-34.651],[-58.452,-34.651],[-58.453,-34.651],[-58.454,-34.651],[-58.455,-34.651],[-58.455,-34.652],[-58.455,-34.653],[-58.456,-34.653],[-58.457,-34.654],[-58.458,-34.654],[-58.458,-34.655],[-58.459,-34.655],[-58.459,-34.656],[-58.46,-34.656],[-58.46,-34.657],[-58.461,-34.656],[-58.462,-34.656],[-58.462,-34.655],[-58.463,-34.655],[-58.464,-34.654],[-58.465,-34.654],[-58.465,-34.653],[-58.466,-34.653],[-58.466,-34.652],[-58.467,-34.652],[-58.467,-34.651],[-58.466,-34.651],[-58.466,-34.65],[-58.465,-34.649],[-58.464,-34.648],[-58.463,-34.647],[-58.463,-34.646],[-58.464,-34.645],[-58.465,-34.645],[-58.465,-34.644],[-58.466,-34.644],[-58.467,-34.643],[-58.468,-34.642],[-58.469,-34.641],[-58.47,-34.64],[-58.47,-34.639],[-58.471,-34.638],[-58.471,-34.637],[-58.472,-34.636],[-58.472,-34.634],[-58.473,-34.633],[-58.473,-34.632],[-58.474,-34.63],[-58.475,-34.629],[-58.475,-34.627],[-58.476,-34.626],[-58.476,-34.625],[-58.477,-34.624],[-58.477,-34.623],[-58.478,-34.622],[-58.477,-34.622],[-58.476,-34.621],[-58.475,-34.621],[-58.474,-34.62],[-58.473,-34.62],[-58.472,-34.619],[-58.471,-34.619],[-58.47,-34.618],[-58.469,-34.618],[-58.468,-34.617],[-58.467,-34.617],[-58.466,-34.616],[-58.465,-34.616],[-58.464,-34.616],[-58.463,-34.615],[-58.462,-34.615],[-58.461,-34.614],[-58.46,-34.614],[-58.459,-34.614],[-58.459,-34.615],[-58.458,-34.616],[-58.458,-34.617],[-58.458,-34.618],[-58.457,-34.619],[-58.457,-34.62],[-58.456,-34.621],[-58.456,-34.622],[-58.455,-34.623],[-58.455,-34.624],[-58.454,-34.626],[-58.453,-34.627],[-58.453,-34.628],[-58.453,-34.629],[-58.452,-34.63]]]}},{"type":"Feature","properties":{"name":"Comuna 8","zone":"CABA"},"geometry":{"type":"Polygon","coordinates":[[[-58.449,-34.651],[-58.448,-34.651],[-58.445,-34.651],[-58.444,-34.651],[-58.443,-34.651],[-58.443,-34.652],[-58.442,-34.653],[-58.441,-34.654],[-58.44,-34.654],[-58.439,-34.655],[-58.438,-34.655],[-58.438,-34.656],[-58.438,-34.655],[-58.437,-34.655],[-58.436,-34.654],[-58.435,-34.654],[-58.434,-34.653],[-58.433,-34.654],[-58.432,-34.655],[-58.431,-34.655],[-58.431,-34.656],[-58.43,-34.656],[-58.43,-34.657],[-58.429,-34.657],[-58.428,-34.658],[-58.427,-34.658],[-58.427,-34.659],[-58.426,-34.659],[-58.426,-34.66],[-58.425,-34.66],[-58.425,-34.661],[-58.424,-34.662],[-58.425,-34.662],[-58.425,-34.663],[-58.426,-34.663],[-58.426,-34.664],[-58.427,-34.664],[-58.427,-34.665],[-58.428,-34.665],[-58.428,-34.666],[-58.429,-34.666],[-58.429,-34.667],[-58.43,-34.668],[-58.431,-34.669],[-58.431,-34.67],[-58.432,-34.671],[-58.433,-34.671],[-58.433,-34.672],[-58.434,-34.672],[-58.434,-34.673],[-58.435,-34.673],[-58.435,-34.674],[-58.436,-34.675],[-58.437,-34.676],[-58.437,-34.677],[-58.438,-34.678],[-58.439,-34.678],[-58.439,-34.679],[-58.44,-34.679],[-58.44,-34.68],[-58.441,-34.681],[-58.442,-34.682],[-58.444,-34.685],[-58.451,-34.693],[-58.458,-34.701],[-58.459,-34.702],[-58.46,-34.704],[-58.461,-34.704],[-58.461,-34.705],[-58.462,-34.705],[-58.464,-34.703],[-58.467,-34.702],[-58.472,-34.698],[-58.473,-34.697],[-58.474,-34.696],[-58.482,-34.69],[-58.483,-34.689],[-58.484,-34.688],[-58.485,-34.688],[-58.486,-34.687],[-58.487,-34.687],[-58.487,-34.686],[-58.489,-34.685],[-58.49,-34.684],[-58.491,-34.683],[-58.492,-34.683],[-58.493,-34.681],[-58.494,-34.681],[-58.495,-34.68],[-58.499,-34.677],[-58.502,-34.675],[-58.503,-34.675],[-58.502,-34.674],[-58.501,-34.673],[-58.5,-34.673],[-58.499,-34.673],[-58.499,-34.672],[-58.498,-34.672],[-58.497,-34.671],[-58.496,-34.67],[-58.494,-34.669],[-58.494,-34.668],[-58.493,-34.668],[-58.493,-34.667],[-58.492,-34.667],[-58.492,-34.666],[-58.491,-34.665],[-58.49,-34.664],[-58.489,-34.663],[-58.488,-34.663],[-58.487,-34.663],[-58.486,-34.662],[-58.485,-34.662],[-58.484,-34.661],[-58.483,-34.661],[-58.482,-34.66],[-58.481,-34.66],[-58.481,-34.659],[-58.48,-34.659],[-58.48,-34.658],[-58.479,-34.658],[-58.478,-34.658],[-58.478,-34.659],[-58.477,-34.659],[-58.476,-34.66],[-58.475,-34.661],[-58.474,-34.661],[-58.474,-34.662],[-58.473,-34.662],[-58.473,-34.663],[-58.472,-34.662],[-58.471,-34.66],[-58.471,-34.659],[-58.471,-34.658],[-58.47,-34.659],[-58.468,-34.658],[-58.467,-34.658],[-58.466,-34.659],[-58.465,-34.659],[-58.465,-34.66],[-58.464,-34.66],[-58.462,-34.658],[-58.461,-34.658],[-58.461,-34.657],[-58.46,-34.657],[-58.46,-34.656],[-58.459,-34.656],[-58.459,-34.655],[-58.458,-34.655],[-58.458,-34.654],[-58.457,-34.654],[-58.456,-34.653],[-58.455,-34.653],[-58.455,-34.652],[-58.455,-34.651],[-58.454,-34.651],[-58.453,-34.651],[-58.452,-34.651],[-58.451,-34.651],[-58.449,-34.651]]]}},{"type":"Feature","properties":{"name":"Comuna 9","zone":"CABA"},"geometry":{"type":"Polygon","coordinates":[[[-58.519,-34.633],[-58.517,-34.633],[-58.516,-34.633],[-58.515,-34.633],[-58.514,-34.633],[-58.513,-34.634],[-58.512,-34.634],[-58.511,-34.634],[-58.511,-34.635],[-58.51,-34.635],[-58.509,-34.635],[-58.509,-34.636],[-58.508,-34.636],[-58.507,-34.636],[-58.506,-34.636],[-58.506,-34.637],[-58.509,-34.637],[-58.511,-34.637],[-58.51,-34.637],[-58.51,-34.638],[-58.51,-34.639],[-58.51,-34.64],[-58.509,-34.641],[-58.508,-34.641],[-58.507,-34.642],[-58.506,-34.643],[-58.504,-34.644],[-58.504,-34.645],[-58.503,-34.645],[-58.502,-34.646],[-58.501,-34.645],[-58.5,-34.645],[-58.499,-34.644],[-58.498,-34.644],[-58.497,-34.643],[-58.497,-34.644],[-58.496,-34.644],[-58.495,-34.645],[-58.494,-34.644],[-58.492,-34.643],[-58.491,-34.643],[-58.49,-34.643],[-58.49,-34.642],[-58.489,-34.642],[-58.488,-34.641],[-58.487,-34.641],[-58.486,-34.64],[-58.485,-34.64],[-58.484,-34.639],[-58.483,-34.639],[-58.482,-34.638],[-58.481,-34.638],[-58.48,-34.638],[-58.479,-34.637],[-58.478,-34.637],[-58.478,-34.638],[-58.477,-34.638],[-58.476,-34.639],[-58.475,-34.638],[-58.474,-34.638],[-58.473,-34.637],[-58.472,-34.637],[-58.471,-34.637],[-58.471,-34.638],[-58.47,-34.639],[-58.47,-34.64],[-58.469,-34.641],[-58.468,-34.642],[-58.467,-34.643],[-58.466,-34.644],[-58.465,-34.644],[-58.465,-34.645],[-58.464,-34.645],[-58.463,-34.646],[-58.463,-34.647],[-58.464,-34.648],[-58.465,-34.649],[-58.466,-34.65],[-58.466,-34.651],[-58.467,-34.651],[-58.467,-34.652],[-58.466,-34.652],[-58.466,-34.653],[-58.465,-34.653],[-58.465,-34.654],[-58.464,-34.654],[-58.463,-34.655],[-58.462,-34.655],[-58.462,-34.656],[-58.461,-34.656],[-58.46,-34.657],[-58.461,-34.657],[-58.461,-34.658],[-58.462,-34.658],[-58.464,-34.66],[-58.465,-34.66],[-58.465,-34.659],[-58.466,-34.659],[-58.467,-34.658],[-58.468,-34.658],[-58.47,-34.659],[-58.471,-34.658],[-58.471,-34.659],[-58.471,-34.66],[-58.472,-34.662],[-58.473,-34.663],[-58.473,-34.662],[-58.474,-34.662],[-58.474,-34.661],[-58.475,-34.661],[-58.476,-34.66],[-58.477,-34.659],[-58.478,-34.659],[-58.478,-34.658],[-58.479,-34.658],[-58.48,-34.658],[-58.48,-34.659],[-58.481,-34.659],[-58.481,-34.66],[-58.482,-34.66],[-58.483,-34.661],[-58.484,-34.661],[-58.485,-34.662],[-58.486,-34.662],[-58.487,-34.663],[-58.488,-34.663],[-58.489,-34.663],[-58.49,-34.664],[-58.491,-34.665],[-58.492,-34.666],[-58.492,-34.667],[-58.493,-34.667],[-58.493,-34.668],[-58.494,-34.668],[-58.494,-34.669],[-58.496,-34.67],[-58.497,-34.671],[-58.498,-34.672],[-58.499,-34.672],[-58.499,-34.673],[-58.5,-34.673],[-58.501,-34.673],[-58.502,-34.674],[-58.503,-34.675],[-58.503,-34.674],[-58.508,-34.67],[-58.509,-34.67],[-58.511,-34.668],[-58.512,-34.667],[-58.513,-34.666],[-58.518,-34.663],[-58.518,-34.662],[-58.519,-34.662],[-58.52,-34.661],[-58.523,-34.659],[-58.525,-34.658],[-58.526,-34.657],[-58.529,-34.655],[-58.529,-34.654],[-58.53,-34.643],[-58.53,-34.639],[-58.53,-34.636],[-58.53,-34.635],[-58.529,-34.635],[-58.528,-34.635],[-58.527,-34.635],[-58.526,-34.635],[-58.524,-34.634],[-58.523,-34.634],[-58.522,-34.634],[-58.521,-34.634],[-58.521,-34.633],[-58.52,-34.633],[-58.519,-34.633]]]}},{"type":"Feature","properties":{"name":"Comuna 10","zone":"CABA"},"geometry":{"type":"Polygon","coordinates":[[[-58.488,-34.62],[-58.487,-34.621],[-58.486,-34.622],[-58.485,-34.623],[-58.484,-34.624],[-58.483,-34.624],[-58.483,-34.625],[-58.482,-34.624],[-58.481,-34.624],[-58.48,-34.623],[-58.479,-34.623],[-58.478,-34.623],[-58.478,-34.622],[-58.477,-34.623],[-58.477,-34.624],[-58.476,-34.625],[-58.476,-34.626],[-58.475,-34.627],[-58.475,-34.629],[-58.474,-34.63],[-58.473,-34.632],[-58.473,-34.633],[-58.472,-34.634],[-58.472,-34.636],[-58.471,-34.637],[-58.472,-34.637],[-58.473,-34.637],[-58.474,-34.638],[-58.475,-34.638],[-58.476,-34.639],[-58.477,-34.638],[-58.478,-34.638],[-58.478,-34.637],[-58.479,-34.637],[-58.48,-34.638],[-58.481,-34.638],[-58.482,-34.638],[-58.483,-34.639],[-58.484,-34.639],[-58.485,-34.64],[-58.486,-34.64],[-58.487,-34.641],[-58.488,-34.641],[-58.489,-34.642],[-58.49,-34.642],[-58.49,-34.643],[-58.491,-34.643],[-58.492,-34.643],[-58.494,-34.644],[-58.495,-34.645],[-58.496,-34.644],[-58.497,-34.644],[-58.497,-34.643],[-58.498,-34.644],[-58.499,-34.644],[-58.5,-34.645],[-58.501,-34.645],[-58.502,-34.646],[-58.503,-34.645],[-58.504,-34.645],[-58.504,-34.644],[-58.506,-34.643],[-58.507,-34.642],[-58.508,-34.641],[-58.509,-34.641],[-58.51,-34.64],[-58.51,-34.639],[-58.51,-34.638],[-58.51,-34.637],[-58.511,-34.637],[-58.509,-34.637],[-58.506,-34.637],[-58.506,-34.636],[-58.507,-34.636],[-58.508,-34.636],[-58.509,-34.636],[-58.509,-34.635],[-58.51,-34.635],[-58.511,-34.635],[-58.511,-34.634],[-58.512,-34.634],[-58.513,-34.634],[-58.514,-34.633],[-58.515,-34.633],[-58.516,-34.633],[-58.517,-34.633],[-58.519,-34.633],[-58.52,-34.633],[-58.521,-34.633],[-58.521,-34.634],[-58.522,-34.634],[-58.523,-34.634],[-58.524,-34.634],[-58.526,-34.635],[-58.527,-34.635],[-58.528,-34.635],[-58.529,-34.635],[-58.53,-34.635],[-58.53,-34.634],[-58.53,-34.633],[-58.531,-34.628],[-58.532,-34.615],[-58.531,-34.614],[-58.529,-34.611],[-58.529,-34.612],[-58.528,-34.612],[-58.527,-34.612],[-58.527,-34.613],[-58.526,-34.613],[-58.526,-34.614],[-58.525,-34.614],[-58.524,-34.615],[-58.523,-34.616],[-58.522,-34.616],[-58.521,-34.617],[-58.52,-34.618],[-58.519,-34.618],[-58.519,-34.619],[-58.518,-34.619],[-58.518,-34.62],[-58.517,-34.62],[-58.516,-34.62],[-58.516,-34.619],[-58.515,-34.619],[-58.515,-34.618],[-58.514,-34.618],[-58.514,-34.617],[-58.513,-34.617],[-58.513,-34.616],[-58.512,-34.616],[-58.511,-34.616],[-58.511,-34.615],[-58.51,-34.615],[-58.509,-34.614],[-58.508,-34.614],[-58.508,-34.613],[-58.507,-34.613],[-58.506,-34.612],[-58.505,-34.612],[-58.504,-34.612],[-58.504,-34.611],[-58.503,-34.611],[-58.502,-34.61],[-58.501,-34.61],[-58.5,-34.609],[-58.499,-34.61],[-58.498,-34.611],[-58.498,-34.612],[-58.497,-34.612],[-58.497,-34.613],[-58.496,-34.613],[-58.496,-34.614],[-58.495,-34.615],[-58.494,-34.616],[-58.493,-34.617],[-58.492,-34.618],[-58.491,-34.618],[-58.49,-34.618],[-58.489,-34.619],[-58.488,-34.62]]]}},{"type":"Feature","properties":{"name":"Comuna 11","zone":"CABA"},"geometry":{"type":"Polygon","coordinates":[[[-58.498,-34.596],[-58.497,-34.597],[-58.495,-34.597],[-58.493,-34.597],[-58.492,-34.597],[-58.491,-34.597],[-58.49,-34.597],[-58.489,-34.597],[-58.488,-34.597],[-58.487,-34.597],[-58.486,-34.598],[-58.485,-34.598],[-58.483,-34.598],[-58.482,-34.598],[-58.481,-34.599],[-58.48,-34.599],[-58.479,-34.6],[-58.478,-34.6],[-58.476,-34.6],[-58.477,-34.6],[-58.477,-34.601],[-58.477,-34.602],[-58.476,-34.602],[-58.476,-34.603],[-58.475,-34.604],[-58.474,-34.605],[-58.473,-34.605],[-58.473,-34.604],[-58.472,-34.604],[-58.47,-34.603],[-58.469,-34.602],[-58.468,-34.602],[-58.467,-34.602],[-58.466,-34.603],[-58.465,-34.603],[-58.464,-34.603],[-58.463,-34.603],[-58.462,-34.604],[-58.461,-34.604],[-58.46,-34.604],[-58.459,-34.604],[-58.458,-34.604],[-58.459,-34.605],[-58.46,-34.605],[-58.461,-34.606],[-58.462,-34.607],[-58.463,-34.607],[-58.462,-34.608],[-58.462,-34.61],[-58.461,-34.611],[-58.461,-34.612],[-58.46,-34.612],[-58.46,-34.613],[-58.46,-34.614],[-58.459,-34.614],[-58.46,-34.614],[-58.461,-34.614],[-58.462,-34.615],[-58.463,-34.615],[-58.464,-34.616],[-58.465,-34.616],[-58.466,-34.616],[-58.467,-34.617],[-58.468,-34.617],[-58.469,-34.618],[-58.47,-34.618],[-58.471,-34.619],[-58.472,-34.619],[-58.473,-34.62],[-58.474,-34.62],[-58.475,-34.621],[-58.476,-34.621],[-58.477,-34.622],[-58.478,-34.622],[-58.478,-34.623],[-58.479,-34.623],[-58.48,-34.623],[-58.481,-34.624],[-58.482,-34.624],[-58.483,-34.625],[-58.483,-34.624],[-58.484,-34.624],[-58.485,-34.623],[-58.486,-34.622],[-58.487,-34.621],[-58.488,-34.62],[-58.489,-34.619],[-58.49,-34.618],[-58.491,-34.618],[-58.492,-34.618],[-58.493,-34.617],[-58.494,-34.616],[-58.495,-34.615],[-58.496,-34.614],[-58.496,-34.613],[-58.497,-34.613],[-58.497,-34.612],[-58.498,-34.612],[-58.498,-34.611],[-58.499,-34.61],[-58.5,-34.609],[-58.501,-34.61],[-58.502,-34.61],[-58.503,-34.611],[-58.504,-34.611],[-58.504,-34.612],[-58.505,-34.612],[-58.506,-34.612],[-58.507,-34.613],[-58.508,-34.613],[-58.508,-34.614],[-58.509,-34.614],[-58.51,-34.615],[-58.511,-34.615],[-58.511,-34.616],[-58.512,-34.616],[-58.513,-34.616],[-58.513,-34.617],[-58.514,-34.617],[-58.514,-34.618],[-58.515,-34.618],[-58.515,-34.619],[-58.516,-34.619],[-58.516,-34.62],[-58.517,-34.62],[-58.518,-34.62],[-58.518,-34.619],[-58.519,-34.619],[-58.519,-34.618],[-58.52,-34.618],[-58.521,-34.617],[-58.522,-34.616],[-58.523,-34.616],[-58.524,-34.615],[-58.525,-34.614],[-58.526,-34.614],[-58.526,-34.613],[-58.527,-34.613],[-58.527,-34.612],[-58.528,-34.612],[-58.529,-34.612],[-58.529,-34.611],[-58.528,-34.607],[-58.527,-34.606],[-58.527,-34.605],[-58.526,-34.604],[-58.526,-34.603],[-58.525,-34.601],[-58.524,-34.599],[-58.523,-34.598],[-58.523,-34.596],[-58.522,-34.595],[-58.521,-34.593],[-58.52,-34.591],[-58.52,-34.59],[-58.519,-34.588],[-58.518,-34.587],[-58.517,-34.584],[-58.516,-34.582],[-58.516,-34.581],[-58.515,-34.581],[-58.515,-34.582],[-58.514,-34.582],[-58.514,-34.583],[-58.513,-34.583],[-58.512,-34.584],[-58.512,-34.585],[-58.511,-34.585],[-58.511,-34.586],[-58.51,-34.586],[-58.51,-34.587],[-58.509,-34.588],[-58.508,-34.589],[-58.507,-34.59],[-58.506,-34.591],[-58.505,-34.592],[-58.505,-34.593],[-58.504,-34.593],[-58.503,-34.594],[-58.504,-34.594],[-58.503,-34.595],[-58.502,-34.595],[-58.501,-34.596],[-58.5,-34.596],[-58.498,-34.596]]]}},{"type":"Feature","properties":{"name":"Comuna 12","zone":"CABA"},"geometry":{"type":"Polygon","coordinates":[[[-58.503,-34.594],[-58.504,-34.593],[-58.505,-34.593],[-58.505,-34.592],[-58.506,-34.591],[-58.507,-34.59],[-58.508,-34.589],[-58.509,-34.588],[-58.51,-34.587],[-58.51,-34.586],[-58.511,-34.586],[-58.511,-34.585],[-58.512,-34.585],[-58.512,-34.584],[-58.513,-34.583],[-58.514,-34.583],[-58.514,-34.582],[-58.515,-34.582],[-58.515,-34.581],[-58.516,-34.581],[-58.515,-34.581],[-58.514,-34.578],[-58.513,-34.575],[-58.511,-34.572],[-58.51,-34.57],[-58.51,-34.569],[-58.509,-34.568],[-58.506,-34.562],[-58.505,-34.559],[-58.504,-34.558],[-58.504,-34.557],[-58.504,-34.556],[-58.503,-34.555],[-58.502,-34.553],[-58.502,-34.552],[-58.501,-34.551],[-58.501,-34.55],[-58.501,-34.549],[-58.498,-34.548],[-58.496,-34.548],[-58.496,-34.547],[-58.495,-34.547],[-58.494,-34.547],[-58.493,-34.546],[-58.492,-34.546],[-58.491,-34.545],[-58.49,-34.545],[-58.489,-34.545],[-58.488,-34.544],[-58.487,-34.544],[-58.487,-34.543],[-58.486,-34.543],[-58.485,-34.543],[-58.484,-34.542],[-58.483,-34.542],[-58.482,-34.541],[-58.481,-34.541],[-58.48,-34.54],[-58.479,-34.54],[-58.478,-34.54],[-58.477,-34.539],[-58.476,-34.539],[-58.475,-34.539],[-58.475,-34.54],[-58.474,-34.541],[-58.474,-34.542],[-58.473,-34.542],[-58.473,-34.543],[-58.472,-34.544],[-58.472,-34.545],[-58.471,-34.545],[-58.47,-34.546],[-58.47,-34.547],[-58.469,-34.547],[-58.469,-34.548],[-58.469,-34.549],[-58.468,-34.549],[-58.469,-34.55],[-58.47,-34.55],[-58.471,-34.551],[-58.472,-34.551],[-58.473,-34.551],[-58.474,-34.552],[-58.474,-34.554],[-58.473,-34.554],[-58.473,-34.555],[-58.472,-34.555],[-58.472,-34.556],[-58.471,-34.557],[-58.47,-34.558],[-58.469,-34.559],[-58.468,-34.56],[-58.468,-34.561],[-58.467,-34.561],[-58.468,-34.562],[-58.467,-34.562],[-58.466,-34.562],[-58.467,-34.562],[-58.468,-34.563],[-58.469,-34.564],[-58.47,-34.564],[-58.47,-34.565],[-58.471,-34.565],[-58.472,-34.566],[-58.473,-34.566],[-58.473,-34.567],[-58.472,-34.568],[-58.471,-34.569],[-58.47,-34.57],[-58.47,-34.571],[-58.469,-34.572],[-58.468,-34.573],[-58.469,-34.574],[-58.47,-34.574],[-58.471,-34.574],[-58.472,-34.575],[-58.473,-34.576],[-58.474,-34.576],[-58.475,-34.577],[-58.476,-34.577],[-58.477,-34.578],[-58.478,-34.578],[-58.478,-34.579],[-58.479,-34.579],[-58.48,-34.58],[-58.481,-34.58],[-58.482,-34.581],[-58.483,-34.581],[-58.483,-34.582],[-58.484,-34.582],[-58.485,-34.582],[-58.485,-34.583],[-58.486,-34.583],[-58.487,-34.584],[-58.488,-34.584],[-58.489,-34.585],[-58.49,-34.585],[-58.49,-34.586],[-58.491,-34.586],[-58.492,-34.587],[-58.493,-34.587],[-58.494,-34.588],[-58.495,-34.589],[-58.496,-34.589],[-58.497,-34.59],[-58.498,-34.591],[-58.499,-34.591],[-58.501,-34.592],[-58.502,-34.593],[-58.503,-34.594]]]}},{"type":"Feature","properties":{"name":"Comuna 13","zone":"CABA"},"geometry":{"type":"Polygon","coordinates":[[[-58.459,-34.537],[-58.458,-34.537],[-58.457,-34.537],[-58.457,-34.536],[-58.456,-34.536],[-58.455,-34.536],[-58.455,-34.535],[-58.454,-34.535],[-58.454,-34.534],[-58.453,-34.534],[-58.453,-34.533],[-58.452,-34.533],[-58.452,-34.532],[-58.451,-34.532],[-58.451,-34.533],[-58.45,-34.534],[-58.45,-34.535],[-58.45,-34.536],[-58.451,-34.536],[-58.452,-34.536],[-58.453,-34.536],[-58.454,-34.537],[-58.455,-34.537],[-58.455,-34.538],[-58.454,-34.539],[-58.453,-34.539],[-58.452,-34.54],[-58.452,-34.539],[-58.451,-34.538],[-58.45,-34.538],[-58.45,-34.537],[-58.45,-34.536],[-58.449,-34.536],[-58.449,-34.537],[-58.448,-34.537],[-58.448,-34.536],[-58.447,-34.536],[-58.446,-34.536],[-58.445,-34.536],[-58.444,-34.536],[-58.443,-34.536],[-58.443,-34.537],[-58.442,-34.537],[-58.442,-34.538],[-58.441,-34.538],[-58.441,-34.539],[-58.441,-34.538],[-58.441,-34.539],[-58.441,-34.54],[-58.44,-34.54],[-58.44,-34.539],[-58.44,-34.54],[-58.439,-34.54],[-58.438,-34.54],[-58.437,-34.54],[-58.438,-34.54],[-58.437,-34.54],[-58.436,-34.54],[-58.436,-34.541],[-58.435,-34.541],[-58.435,-34.542],[-58.434,-34.542],[-58.435,-34.542],[-58.435,-34.543],[-58.434,-34.543],[-58.433,-34.543],[-58.433,-34.544],[-58.432,-34.544],[-58.432,-34.545],[-58.431,-34.545],[-58.431,-34.546],[-58.431,-34.547],[-58.43,-34.547],[-58.43,-34.548],[-58.431,-34.548],[-58.43,-34.548],[-58.43,-34.549],[-58.429,-34.549],[-58.428,-34.549],[-58.428,-34.548],[-58.427,-34.548],[-58.427,-34.549],[-58.427,-34.548],[-58.426,-34.549],[-58.425,-34.549],[-58.425,-34.55],[-58.426,-34.55],[-58.427,-34.552],[-58.428,-34.551],[-58.429,-34.551],[-58.43,-34.551],[-58.431,-34.551],[-58.432,-34.551],[-58.432,-34.552],[-58.433,-34.552],[-58.433,-34.553],[-58.434,-34.553],[-58.435,-34.553],[-58.435,-34.554],[-58.434,-34.554],[-58.435,-34.554],[-58.435,-34.555],[-58.436,-34.555],[-58.437,-34.555],[-58.437,-34.556],[-58.438,-34.556],[-58.439,-34.557],[-58.44,-34.557],[-58.441,-34.558],[-58.441,-34.559],[-58.441,-34.56],[-58.44,-34.56],[-58.44,-34.561],[-58.439,-34.561],[-58.439,-34.562],[-58.438,-34.562],[-58.437,-34.562],[-58.436,-34.562],[-58.435,-34.562],[-58.435,-34.563],[-58.436,-34.563],[-58.437,-34.563],[-58.438,-34.563],[-58.438,-34.562],[-58.439,-34.562],[-58.44,-34.562],[-58.441,-34.562],[-58.441,-34.563],[-58.442,-34.563],[-58.443,-34.564],[-58.444,-34.564],[-58.445,-34.565],[-58.446,-34.565],[-58.446,-34.566],[-58.447,-34.566],[-58.448,-34.567],[-58.449,-34.568],[-58.448,-34.568],[-58.447,-34.569],[-58.446,-34.569],[-58.446,-34.57],[-58.445,-34.57],[-58.444,-34.57],[-58.444,-34.571],[-58.443,-34.571],[-58.442,-34.571],[-58.441,-34.572],[-58.442,-34.573],[-58.442,-34.574],[-58.443,-34.575],[-58.444,-34.575],[-58.444,-34.576],[-58.443,-34.576],[-58.442,-34.577],[-58.441,-34.578],[-58.44,-34.578],[-58.44,-34.579],[-58.441,-34.579],[-58.442,-34.58],[-58.442,-34.581],[-58.443,-34.581],[-58.443,-34.582],[-58.444,-34.582],[-58.444,-34.583],[-58.445,-34.583],[-58.446,-34.583],[-58.446,-34.582],[-58.447,-34.582],[-58.448,-34.582],[-58.448,-34.581],[-58.449,-34.581],[-58.45,-34.581],[-58.451,-34.581],[-58.451,-34.58],[-58.452,-34.58],[-58.453,-34.58],[-58.454,-34.58],[-58.455,-34.579],[-58.456,-34.579],[-58.457,-34.579],[-58.458,-34.578],[-58.459,-34.578],[-58.46,-34.578],[-58.461,-34.578],[-58.462,-34.577],[-58.462,-34.576],[-58.463,-34.575],[-58.465,-34.574],[-58.466,-34.573],[-58.467,-34.572],[-58.468,-34.573],[-58.469,-34.572],[-58.47,-34.571],[-58.47,-34.57],[-58.471,-34.569],[-58.472,-34.568],[-58.473,-34.567],[-58.473,-34.566],[-58.472,-34.566],[-58.471,-34.565],[-58.47,-34.565],[-58.47,-34.564],[-58.469,-34.564],[-58.468,-34.563],[-58.467,-34.562],[-58.466,-34.562],[-58.467,-34.562],[-58.468,-34.562],[-58.467,-34.561],[-58.468,-34.561],[-58.468,-34.56],[-58.469,-34.559],[-58.47,-34.558],[-58.471,-34.557],[-58.472,-34.556],[-58.472,-34.555],[-58.473,-34.555],[-58.473,-34.554],[-58.474,-34.554],[-58.474,-34.552],[-58.473,-34.551],[-58.472,-34.551],[-58.471,-34.551],[-58.47,-34.55],[-58.469,-34.55],[-58.468,-34.549],[-58.469,-34.549],[-58.469,-34.548],[-58.469,-34.547],[-58.47,-34.547],[-58.47,-34.546],[-58.471,-34.545],[-58.472,-34.545],[-58.472,-34.544],[-58.473,-34.543],[-58.473,-34.542],[-58.474,-34.542],[-58.474,-34.541],[-58.475,-34.54],[-58.475,-34.539],[-58.476,-34.539],[-58.475,-34.538],[-58.474,-34.538],[-58.473,-34.538],[-58.473,-34.537],[-58.471,-34.537],[-58.471,-34.536],[-58.468,-34.535],[-58.467,-34.535],[-58.467,-34.534],[-58.466,-34.534],[-58.465,-34.534],[-58.464,-34.534],[-58.464,-34.533],[-58.463,-34.533],[-58.463,-34.532],[-58.462,-34.532],[-58.462,-34.531],[-58.461,-34.531],[-58.461,-34.53],[-58.461,-34.529],[-58.46,-34.529],[-58.46,-34.528],[-58.459,-34.528],[-58.459,-34.527],[-58.458,-34.527],[-58.458,-34.526],[-58.457,-34.527],[-58.456,-34.527],[-58.455,-34.528],[-58.455,-34.529],[-58.454,-34.529],[-58.453,-34.529],[-58.453,-34.53],[-58.452,-34.53],[-58.452,-34.531],[-58.452,-34.532],[-58.453,-34.532],[-58.453,-34.533],[-58.454,-34.534],[-58.454,-34.535],[-58.455,-34.535],[-58.456,-34.536],[-58.457,-34.536],[-58.459,-34.537]]]}},{"type":"Feature","properties":{"name":"Comuna 14","zone":"CABA"},"geometry":{"type":"Polygon","coordinates":[[[-58.425,-34.551],[-58.426,-34.552],[-58.424,-34.553],[-58.423,-34.553],[-58.422,-34.553],[-58.421,-34.553],[-58.421,-34.554],[-58.42,-34.554],[-58.419,-34.554],[-58.418,-34.554],[-58.417,-34.554],[-58.417,-34.555],[-58.416,-34.555],[-58.415,-34.555],[-58.414,-34.555],[-58.414,-34.556],[-58.413,-34.556],[-58.412,-34.556],[-58.412,-34.557],[-58.411,-34.557],[-58.41,-34.557],[-58.409,-34.557],[-58.41,-34.558],[-58.41,-34.559],[-58.409,-34.559],[-58.408,-34.56],[-58.407,-34.56],[-58.407,-34.561],[-58.406,-34.561],[-58.406,-34.562],[-58.405,-34.562],[-58.405,-34.563],[-58.404,-34.563],[-58.403,-34.563],[-58.402,-34.563],[-58.402,-34.562],[-58.4,-34.562],[-58.4,-34.561],[-58.399,-34.561],[-58.4,-34.561],[-58.401,-34.562],[-58.402,-34.562],[-58.403,-34.563],[-58.404,-34.563],[-58.404,-34.564],[-58.403,-34.564],[-58.402,-34.564],[-58.402,-34.563],[-58.401,-34.563],[-58.401,-34.564],[-58.4,-34.564],[-58.399,-34.564],[-58.398,-34.564],[-58.398,-34.565],[-58.397,-34.565],[-58.397,-34.566],[-58.398,-34.566],[-58.398,-34.567],[-58.399,-34.567],[-58.399,-34.568],[-58.4,-34.568],[-58.4,-34.569],[-58.399,-34.569],[-58.399,-34.568],[-58.398,-34.568],[-58.398,-34.567],[-58.397,-34.567],[-58.396,-34.567],[-58.396,-34.568],[-58.395,-34.568],[-58.395,-34.569],[-58.394,-34.57],[-58.393,-34.572],[-58.394,-34.572],[-58.395,-34.572],[-58.398,-34.57],[-58.399,-34.57],[-58.4,-34.57],[-58.4,-34.569],[-58.4,-34.57],[-58.4,-34.571],[-58.4,-34.572],[-58.401,-34.572],[-58.402,-34.573],[-58.402,-34.574],[-58.403,-34.574],[-58.402,-34.574],[-58.402,-34.575],[-58.401,-34.576],[-58.4,-34.576],[-58.4,-34.577],[-58.399,-34.577],[-58.398,-34.578],[-58.397,-34.578],[-58.397,-34.579],[-58.398,-34.58],[-58.398,-34.581],[-58.399,-34.583],[-58.4,-34.584],[-58.401,-34.584],[-58.402,-34.583],[-58.404,-34.583],[-58.405,-34.583],[-58.406,-34.583],[-58.406,-34.584],[-58.407,-34.585],[-58.408,-34.586],[-58.408,-34.587],[-58.409,-34.588],[-58.41,-34.588],[-58.41,-34.589],[-58.411,-34.59],[-58.412,-34.592],[-58.413,-34.592],[-58.414,-34.593],[-58.414,-34.594],[-58.415,-34.595],[-58.415,-34.596],[-58.416,-34.597],[-58.416,-34.598],[-58.417,-34.598],[-58.419,-34.598],[-58.42,-34.598],[-58.421,-34.598],[-58.422,-34.598],[-58.423,-34.598],[-58.424,-34.598],[-58.425,-34.597],[-58.426,-34.597],[-58.427,-34.596],[-58.428,-34.596],[-58.429,-34.595],[-58.43,-34.594],[-58.431,-34.594],[-58.432,-34.593],[-58.433,-34.592],[-58.434,-34.592],[-58.434,-34.591],[-58.435,-34.591],[-58.436,-34.59],[-58.437,-34.59],[-58.438,-34.589],[-58.439,-34.589],[-58.439,-34.588],[-58.44,-34.588],[-58.441,-34.587],[-58.442,-34.586],[-58.443,-34.585],[-58.445,-34.585],[-58.444,-34.583],[-58.444,-34.582],[-58.443,-34.582],[-58.443,-34.581],[-58.442,-34.581],[-58.442,-34.58],[-58.441,-34.579],[-58.44,-34.579],[-58.44,-34.578],[-58.441,-34.578],[-58.442,-34.577],[-58.443,-34.576],[-58.444,-34.576],[-58.444,-34.575],[-58.443,-34.575],[-58.442,-34.574],[-58.442,-34.573],[-58.441,-34.572],[-58.442,-34.571],[-58.443,-34.571],[-58.444,-34.571],[-58.444,-34.57],[-58.445,-34.57],[-58.446,-34.57],[-58.446,-34.569],[-58.447,-34.569],[-58.448,-34.568],[-58.449,-34.568],[-58.448,-34.567],[-58.447,-34.566],[-58.446,-34.566],[-58.446,-34.565],[-58.445,-34.565],[-58.444,-34.564],[-58.443,-34.564],[-58.442,-34.563],[-58.441,-34.563],[-58.441,-34.562],[-58.44,-34.562],[-58.439,-34.562],[-58.438,-34.562],[-58.438,-34.563],[-58.437,-34.563],[-58.436,-34.563],[-58.435,-34.563],[-58.435,-34.562],[-58.436,-34.562],[-58.437,-34.562],[-58.438,-34.562],[-58.439,-34.562],[-58.439,-34.561],[-58.44,-34.561],[-58.44,-34.56],[-58.441,-34.56],[-58.441,-34.559],[-58.441,-34.558],[-58.44,-34.557],[-58.439,-34.557],[-58.438,-34.556],[-58.437,-34.556],[-58.437,-34.555],[-58.436,-34.555],[-58.435,-34.555],[-58.435,-34.554],[-58.434,-34.554],[-58.435,-34.554],[-58.435,-34.553],[-58.434,-34.553],[-58.433,-34.553],[-58.433,-34.552],[-58.432,-34.552],[-58.432,-34.551],[-58.431,-34.551],[-58.43,-34.551],[-58.429,-34.551],[-58.428,-34.551],[-58.427,-34.552],[-58.426,-34.552],[-58.425,-34.55],[-58.424,-34.549],[-58.425,-34.551]]]}},{"type":"Feature","properties":{"name":"Comuna 15","zone":"CABA"},"geometry":{"type":"Polygon","coordinates":[[[-58.426,-34.597],[-58.425,-34.597],[-58.424,-34.598],[-58.423,-34.598],[-58.424,-34.598],[-58.425,-34.598],[-58.426,-34.598],[-58.427,-34.598],[-58.428,-34.598],[-58.429,-34.599],[-58.43,-34.599],[-58.43,-34.6],[-58.431,-34.601],[-58.432,-34.602],[-58.433,-34.603],[-58.434,-34.603],[-58.435,-34.603],[-58.435,-34.604],[-58.437,-34.604],[-58.437,-34.605],[-58.438,-34.605],[-58.439,-34.605],[-58.439,-34.606],[-58.44,-34.606],[-58.441,-34.606],[-58.442,-34.606],[-58.443,-34.607],[-58.444,-34.607],[-58.445,-34.607],[-58.446,-34.607],[-58.446,-34.608],[-58.447,-34.607],[-58.449,-34.607],[-58.45,-34.607],[-58.451,-34.607],[-58.451,-34.606],[-58.452,-34.606],[-58.453,-34.606],[-58.454,-34.606],[-58.455,-34.605],[-58.456,-34.605],[-58.457,-34.605],[-58.458,-34.605],[-58.458,-34.604],[-58.459,-34.604],[-58.46,-34.604],[-58.461,-34.604],[-58.462,-34.604],[-58.463,-34.603],[-58.464,-34.603],[-58.465,-34.603],[-58.466,-34.603],[-58.467,-34.602],[-58.468,-34.602],[-58.469,-34.602],[-58.47,-34.603],[-58.472,-34.604],[-58.473,-34.604],[-58.473,-34.605],[-58.474,-34.605],[-58.475,-34.604],[-58.476,-34.603],[-58.476,-34.602],[-58.477,-34.602],[-58.477,-34.601],[-58.477,-34.6],[-58.476,-34.6],[-58.478,-34.6],[-58.479,-34.6],[-58.48,-34.599],[-58.481,-34.599],[-58.482,-34.598],[-58.483,-34.598],[-58.485,-34.598],[-58.486,-34.598],[-58.487,-34.597],[-58.488,-34.597],[-58.489,-34.597],[-58.49,-34.597],[-58.491,-34.597],[-58.492,-34.597],[-58.493,-34.597],[-58.495,-34.597],[-58.497,-34.597],[-58.498,-34.596],[-58.5,-34.596],[-58.501,-34.596],[-58.502,-34.595],[-58.503,-34.595],[-58.504,-34.594],[-58.503,-34.594],[-58.502,-34.593],[-58.501,-34.592],[-58.499,-34.591],[-58.498,-34.591],[-58.497,-34.59],[-58.496,-34.589],[-58.495,-34.589],[-58.494,-34.588],[-58.493,-34.587],[-58.492,-34.587],[-58.491,-34.586],[-58.49,-34.586],[-58.49,-34.585],[-58.489,-34.585],[-58.488,-34.584],[-58.487,-34.584],[-58.486,-34.583],[-58.485,-34.583],[-58.485,-34.582],[-58.484,-34.582],[-58.483,-34.582],[-58.483,-34.581],[-58.482,-34.581],[-58.481,-34.58],[-58.48,-34.58],[-58.479,-34.579],[-58.478,-34.579],[-58.478,-34.578],[-58.477,-34.578],[-58.476,-34.577],[-58.475,-34.577],[-58.474,-34.576],[-58.473,-34.576],[-58.472,-34.575],[-58.471,-34.574],[-58.47,-34.574],[-58.469,-34.574],[-58.468,-34.573],[-58.467,-34.572],[-58.466,-34.573],[-58.465,-34.574],[-58.463,-34.575],[-58.462,-34.576],[-58.462,-34.577],[-58.461,-34.578],[-58.46,-34.578],[-58.459,-34.578],[-58.458,-34.578],[-58.457,-34.579],[-58.456,-34.579],[-58.455,-34.579],[-58.454,-34.58],[-58.453,-34.58],[-58.452,-34.58],[-58.451,-34.58],[-58.451,-34.581],[-58.45,-34.581],[-58.449,-34.581],[-58.448,-34.581],[-58.448,-34.582],[-58.447,-34.582],[-58.446,-34.582],[-58.446,-34.583],[-58.445,-34.583],[-58.444,-34.583],[-58.445,-34.585],[-58.443,-34.585],[-58.442,-34.586],[-58.441,-34.587],[-58.44,-34.588],[-58.439,-34.588],[-58.439,-34.589],[-58.438,-34.589],[-58.437,-34.59],[-58.436,-34.59],[-58.435,-34.591],[-58.434,-34.591],[-58.434,-34.592],[-58.433,-34.592],[-58.432,-34.593],[-58.431,-34.594],[-58.43,-34.594],[-58.429,-34.595],[-58.428,-34.596],[-58.427,-34.596],[-58.426,-34.597]]]}}]}